artist_name,soundcharts_uuid,spotify_id,instagram_url,instagram_handle,tiktok_url,tiktok_handle,youtube_url,youtube_channel_id,soundcloud_url,soundcloud_handle,twitter_url,twitter_handle,facebook_url,website_url,lookup_status,error_message
Roberto Cacciapaglia,11e81bc1-d65d-6b30-82f4-a0369fe50396,359LKbZWLk6u3IpyNE2CQG,,,,,,,https://soundcloud.com/robertocacciapaglia,robertocacciapaglia,,,,,"spotify,soundcloud",
Isaac Chambers,11e81bbd-89e6-43b6-9d46-a0369fe50396,3Z8221k9q4oLkXUEuizRJP,,,,,,,https://soundcloud.com/isaac-chambers-music,isaac-chambers-music,,,,,"spotify,soundcloud",
Animal Collective,11e81bbb-1af4-e298-b0a4-a0369fe50396,4kwxTgCKMipBKhSnEstNKj,,,,,,,https://soundcloud.com/anmlcollective,anmlcollective,,,,,"spotify,soundcloud",
Angelo Garnier,018d7d0a-fc7f-4576-8a71-feb1edbf1a48,7qvvsAZAERVhX0qJ1kq6In,,,,,,,https://soundcloud.com/angelogarnier-music,angelogarnier-music,,,,,"spotify,soundcloud",
ILSE,259a97d4-887f-432e-b527-b4a5301bc5b3,4y3uZ6oBt6AD3BjFZAboRI,,,,,,,https://soundcloud.com/ilse-847065938,ilse-847065938,,,,,"spotify,soundcloud",
Veela,11e81bbe-c315-372c-8189-a0369fe50396,3CiuuHKIxxJPoNRvF94GtR,,,,,,,https://soundcloud.com/veelabeats,veelabeats,,,,,"spotify,soundcloud",
KingCrowney,3bc80a9d-d5ce-4111-a9e0-f021005ae80d,3IcwVSp1QaAwTkcmJMt1CE,,,,,,,https://soundcloud.com/kingcrowney,kingcrowney,,,,,"spotify,soundcloud",
Butch,11e81bcb-7b45-43c6-9ca6-a0369fe50396,5kLzaeSHrmS7okc5XNE6lv,,,,,,,https://soundcloud.com/superbutch,superbutch,,,,,"spotify,soundcloud",
RASA,0193a812-c646-11e8-ac04-549f35141000,4md29VFrdmXz1YYmH4u74u,,,,,,,https://soundcloud.com/rasa-official,rasa-official,,,,,"spotify,soundcloud",
Julius Packiam (Tiger Theme),67544510-e9ff-4492-aee8-ec57388d1d90,25B5Vk9Jqr42w35MQUyv3D,,,,,,,,,,,,,spotify,
Monaldin,e96d4223-6ab2-413b-91de-b03da6f6b285,1Ngs1vi6M75StypXQdB6su,,,,,,,https://soundcloud.com/monaldin,monaldin,,,,,"spotify,soundcloud",
SCANDAL,11e81bd1-ce39-bc82-9888-a0369fe50396,7hTZwqQILVH4bAbN67CeEz,,,,,,,https://soundcloud.com/enterscandal,enterscandal,,,,,"spotify,soundcloud",
Winson,74c38123-9035-48d2-b190-1fb4604216d1,2z9op9COiMU6QquVfY8HTN,,,,,,,https://soundcloud.com/winson-ngoh-898890289,winson-ngoh-898890289,,,,,"spotify,soundcloud",
Effin,11e83fee-f557-e1f4-9e01-a0369fe50396,6l0u1oM2imxw0isrGcXpmH,,,,,,,https://soundcloud.com/effin,effin,,,,,"spotify,soundcloud",
Harmonious Nature,879fb6cc-a1ec-44ea-a316-e61ead29123b,334v3jkZ2T1J40I0QGT3rZ,,,,,,,https://soundcloud.com/harmoniousnature,harmoniousnature,,,,,"spotify,soundcloud",
RAP IN CENA,0148f5da-8c5a-4393-81da-623055358357,7kdYYoCudHnWFDFJhYZTJ2,,,,,,,https://soundcloud.com/rap-in-cena,rap-in-cena,,,,,"spotify,soundcloud",
Huglei√∂sla,cb6b51bf-ff7b-40ab-bac9-38a5ffb0e3c4,0ckEoQesFtWdmchnO9RmIg,,,,,,,,,,,,,spotify,
Alewya,cffbad50-f5b7-4428-8623-f687affc4830,0wcjJjpvnHb5vK4iwKfxPm,,,,,,,https://soundcloud.com/alewya,alewya,,,,,"spotify,soundcloud",
Kwestia 07,11e83fee-85df-fdca-aa9a-aa1c026db3d8,18Nf0Zf2Qu2tGRAfg8aqLI,,,,,,,https://soundcloud.com/kwestia07,kwestia07,,,,,"spotify,soundcloud",
Mr. Black & Blue,11e81bc2-ef35-2f52-999c-a0369fe50396,1xpKlFHJoTi048rnak5opF,,,,,,,https://soundcloud.com/mrblackmrblue,mrblackmrblue,,,,,"spotify,soundcloud",
Moontonic,ddcf849c-79e1-440c-8935-69e2771fcd63,2aQ11bG4kZ5Tf45FpsvrwO,,,,,,,https://soundcloud.com/moontonic,moontonic,,,,,"spotify,soundcloud",
Mark 'Oh,11e81bcc-85a2-0a42-83a0-a0369fe50396,4PTTDM08OI9jnPTOZ7QRn1,,,,,,,https://soundcloud.com/mark-oh-official,mark-oh-official,,,,,"spotify,soundcloud",
Lizwi,11e8ab29-1788-0a4c-9cd1-525400009efb,70PnxFjOBPqfF4CZSt3A3X,,,,,,,https://soundcloud.com/lizwi-mbatha,lizwi-mbatha,,,,,"spotify,soundcloud",
Offer Nissim,11e81bc8-0e8d-5e06-ad3b-a0369fe50396,2U5N2KMBT6aFPrQMygMkhj,,,,,,,https://soundcloud.com/offer-nissim,offer-nissim,,,,,"spotify,soundcloud",
Junge Junge,11e81bbb-8c2a-5c4a-8395-a0369fe50396,721T2PETMLaAkijbYu05VD,,,,,,,https://soundcloud.com/junge-junge,junge-junge,,,,,"spotify,soundcloud",
Supafly,c2ad975e-076c-4043-aa50-9ff1b5ba4c10,7k4KUVFc27j05vXrcJ58ih,,,,,,,https://soundcloud.com/supafly-scmusic,supafly-scmusic,,,,,"spotify,soundcloud",
makers mask,b4901cb8-7cbc-4891-91e5-ef3d9a48bf73,2QtcIrpLf2jtdMDs8gF3Q9,,,,,,,https://soundcloud.com/makersmask,makersmask,,,,,"spotify,soundcloud",
Galaxarastra,81e2bb94-bf9b-42cc-84b0-3894131a1f60,4dLb1ptXOGo5ibde68Jy2b,,,,,,,https://soundcloud.com/galaxarastra-sc,galaxarastra-sc,,,,,"spotify,soundcloud",
Laurell,11e81bbb-0045-7ae8-9934-a0369fe50396,69Pm1OWlxk1tbYphlkcKHR,,,,,,,https://soundcloud.com/laurell-music,laurell-music,,,,,"spotify,soundcloud",
Louis La Roche,11e81bbb-8167-d738-84bd-a0369fe50396,0a03X57i18eG1yBzpmhZAs,,,,,,,https://soundcloud.com/iamlouislaroche,iamlouislaroche,,,,,"spotify,soundcloud",
Thabza Tee,a654915c-695d-40ea-9ac0-f9d90d9dd08d,5JyEgson2YVsJT0fNGroWn,,,,,,,https://soundcloud.com/thabza-tee-791945161,thabza-tee-791945161,,,,,"spotify,soundcloud",
Devon Rea,fac5ea3e-6d8b-11e9-b226-549f35141000,5r4pQdeOkSMx1y2NNMDSlu,,,,,,,https://soundcloud.com/ddevonreaa,ddevonreaa,,,,,"spotify,soundcloud",
Kruder & Dorfmeister,11e81bc1-d37f-2304-900d-a0369fe50396,39ywlwtGw8RTGobakgb11L,,,,,,,https://soundcloud.com/kruderdorfmeisterofficial,kruderdorfmeisterofficial,,,,,"spotify,soundcloud",
La Fine Equipe,11e81bd1-9b05-84e0-87f7-a0369fe50396,2EMmqQQmszsCXfVfMRibOQ,,,,,,,https://soundcloud.com/lafineequipe,lafineequipe,,,,,"spotify,soundcloud",
Syntropy,516242de-b044-11e9-a121-e4434b2a4898,15uMPKXIhc1TJIxf0rdZoU,,,,,,,https://soundcloud.com/user-166737569,user-166737569,,,,,"spotify,soundcloud",
Manian,befdd000-b8d4-11e8-92bc-525400009efb,2zgkC2iqDlq3FcI2B7ChnD,,,,,,,https://soundcloud.com/manian-official,manian-official,,,,,"spotify,soundcloud",
Disko Warp,0ebabccc-ecee-11e9-853f-549f35161576,74inHHm78CyQJ7RsS9FKrk,,,,,,,https://soundcloud.com/diskowarp,diskowarp,,,,,"spotify,soundcloud",
2Point1,55de3c4e-0826-11e9-bcc7-549f35161576,6Z6xrqezBTUUDnCinhPwCO,,,,,,,https://soundcloud.com/2point1,2point1,,,,,"spotify,soundcloud",
Luttrell,11e81bcb-5d92-f27e-aea6-a0369fe50396,4EOyJnoiiOJ4vuNhSBArB2,,,,,,,https://soundcloud.com/luttrellmusic,luttrellmusic,,,,,"spotify,soundcloud",
Jan Wayne,11e81bbf-0bb2-e362-88ae-a0369fe50396,57QfQOhi7oyPiscoWfUSeC,,,,,,,https://soundcloud.com/jan-wayne-official,jan-wayne-official,,,,,"spotify,soundcloud",
Morten Harket,11e81bc0-341e-2f54-9eb6-a0369fe50396,08t5VdmH6cpxHXUmb9bFeP,,,,,,,https://soundcloud.com/morten-harket,morten-harket,,,,,"spotify,soundcloud",
Power Glove,11e81bcd-7630-6a4e-ae0c-a0369fe50396,0dalJaAT80lKfkZsC86lnW,,,,,,,https://soundcloud.com/powerglove,powerglove,,,,,"spotify,soundcloud",
Javiera Mena,11e81bca-2c84-67d6-a362-a0369fe50396,6c0qylj1D1gqcUUN2P8Ofp,,,,,,,https://soundcloud.com/javieramena,javieramena,,,,,"spotify,soundcloud",
Von Boch,76651f70-55f2-4c05-9914-871a39013e9e,7cR62TCmcorAdyny40NsP0,,,,,,,https://soundcloud.com/vonbochsongs,vonbochsongs,,,,,"spotify,soundcloud",
Sole Sole,928c7ea6-f6f2-11e9-8c32-e4434b2a4898,4yXtr3OVVcpDlFomRRVM7Z,,,,,,,https://soundcloud.com/h4blackasf,h4blackasf,,,,,"spotify,soundcloud",
Muripounds,2601085c-5610-4ceb-b28d-c877c93450bd,3hEUb73oRSHRqUwGSShcG5,,,,,,,,,,,,,spotify,
Zohara,11e81bd2-f8ab-e700-b66d-a0369fe50396,2JfoFQs5wPHgLz8wnJ4wL2,,,,,,,https://soundcloud.com/zoharamusic,zoharamusic,,,,,"spotify,soundcloud",
Big Freedia,11e81bc8-9480-91e0-bb9c-a0369fe50396,2gyv1akuIB9fQvXoGSPaJr,,,,,,,https://soundcloud.com/bigfreedia,bigfreedia,,,,,"spotify,soundcloud",
THREEE,d5a7c5b0-16ad-4cba-9b2d-c5de3f10df23,29XdcKZcwr9ikcmxud5UEa,,,,,,,https://soundcloud.com/user-411799059,user-411799059,,,,,"spotify,soundcloud",
Namt√©,8de547b9-8c99-44cb-82d5-b42f50d94a11,35SNnBQdgAu11JxXMJAKa6,,,,,,,,,,,,,spotify,
BeatItPunk,eca12ade-42a9-11e9-8177-549f35161576,4NihfBDoszDjMjIM64uJPT,,,,,,,https://soundcloud.com/beatitpunk,beatitpunk,,,,,"spotify,soundcloud",
Twin Shadow,11e81bce-5576-b802-8e53-a0369fe50396,6fLrPFLWLSCrp7gcTZXcKb,,,,,,,https://soundcloud.com/twin-shadow,twin-shadow,,,,,"spotify,soundcloud",
giant cactus,86d556a2-71d2-49b7-81d5-06dcac6456d3,02TbkOielUUsgRVxnT1Xyc,,,,,,,https://soundcloud.com/giantcactus,giantcactus,,,,,"spotify,soundcloud",
Axel Thesleff,11e81bbc-b0f0-f98e-8d98-a0369fe50396,1OpHMC7Qo3lY1sVYaTUQrG,,,,,,,https://soundcloud.com/axelthesleff,axelthesleff,,,,,"spotify,soundcloud",
TEKTOSHI,123be476-ac82-4c74-8771-b5d80752b2d4,72B98qCX8NFSgTPDTMvpWL,,,,,,,https://soundcloud.com/tektoshi-music,tektoshi-music,,,,,"spotify,soundcloud",
Vaults,11e81bbd-6416-c084-81c7-a0369fe50396,0TytASn0kOZkCpjYTrXsBt,,,,,,,https://soundcloud.com/vaults,vaults,,,,,"spotify,soundcloud",
Forsintha,770c177c-a96c-4bc8-9e68-f1e899b73a56,3YPvZWXdCmGaEVkMoCFYML,,,,,,,https://soundcloud.com/forsintha,forsintha,,,,,"spotify,soundcloud",
SMLE,11e81bbb-0761-e046-8a49-a0369fe50396,1JV42BPeocUJ0EyQh8ug6V,,,,,,,https://soundcloud.com/smlemusic,smlemusic,,,,,"spotify,soundcloud",
Thaiboy Digital,11e81bbe-ea5b-f1fe-b19b-a0369fe50396,3cGojc1Yu89IHXx8OeSnee,,,,,,,https://soundcloud.com/thaiboy-digital,thaiboy-digital,,,,,"spotify,soundcloud",
Citadelle,9ab867b7-4dab-4cef-a3d5-97693804b31a,6Mek67pKmBw5N3FZnAc2J8,,,,,,,https://soundcloud.com/citadelleoff,citadelleoff,,,,,"spotify,soundcloud",
BNZO,11e81bcb-0e90-aa72-b45b-a0369fe50396,65STqvfQKd0fXi4AyHmcuF,,,,,,,https://soundcloud.com/benzodnb,benzodnb,,,,,"spotify,soundcloud",
ULTRA SUNN,a763c764-d4d1-11e9-8c5d-801844ee83a6,6urohrV2xk0fQGPknaw7dx,,,,,,,https://soundcloud.com/ultrasunn,ultrasunn,,,,,"spotify,soundcloud",
Mitika Kanwar,b661df6c-c686-11e8-9664-549f35161576,4sjw8DSxhdPiJkGbtAobEg,,,,,,,https://soundcloud.com/mitika-kanwar,mitika-kanwar,,,,,"spotify,soundcloud",
Hot Wheels,922d97e5-6bc5-4c90-b918-bfbb35485989,47KiFGj9XRfpLHfUHtzxUL,,,,,,,https://soundcloud.com/cars4cats,cars4cats,,,,,"spotify,soundcloud",
Somewhen,11e83fe3-9fee-a384-aaa7-a0369fe50396,0k47nZgznsmnNkSIJvjbVy,,,,,,,https://soundcloud.com/somewhen-1,somewhen-1,,,,,"spotify,soundcloud",
Koresma,11e81bca-5d22-6c80-8968-a0369fe50396,14EybDMySlkntyuxgm1pek,,,,,,,https://soundcloud.com/koresma,koresma,,,,,"spotify,soundcloud",
1oneam,06e76846-1428-46a1-899d-f28aac836738,089ASSwOW4Cih3frNuDtUv,,,,,,,https://soundcloud.com/xx1oneam,xx1oneam,,,,,"spotify,soundcloud",
Piero Pirupa,5e157eee-31ee-11e9-bd91-549f35141000,5FD9tbbiWd6th8FaOdCtnB,,,,,,,https://soundcloud.com/pirupa,pirupa,,,,,"spotify,soundcloud",
Okello Max,22edfeba-15ab-419d-956f-64775d44dcc3,4AIr4Ly0nJMjtcRg46naSp,,,,,,,https://soundcloud.com/okellomax,okellomax,,,,,"spotify,soundcloud",
BVBATZ,00183a91-7e23-4cfe-b60c-a8a8cf128c67,4TNv2qUxg5z1yjKeDgY0EV,,,,,,,https://soundcloud.com/bvbatz,bvbatz,,,,,"spotify,soundcloud",
Natty Rico,11e81bba-6450-96c2-916b-a0369fe50396,4XjCsLo0E4017wblpE9BDL,,,,,,,https://soundcloud.com/nattyricostyle,nattyricostyle,,,,,"spotify,soundcloud",
Hi_Tack,11e81bce-277f-ddd4-8df5-a0369fe50396,6N1W9mAlncCKbqBHgBR2bN,,,,,,,https://soundcloud.com/hi_tack_music,hi_tack_music,,,,,"spotify,soundcloud",
Bioacoustics,55cabc69-7b3a-425d-be58-5ee59c1ffb35,3SrtzVz0yqFXRzvx1DE8Dg,,,,,,,https://soundcloud.com/rye-hickman,rye-hickman,,,,,"spotify,soundcloud",
Asiah,11e81bca-2be6-a65e-b9cf-a0369fe50396,3cAWgw5dy6A1OheKZx0uZX,,,,,,,https://soundcloud.com/asiah-scmusic,asiah-scmusic,,,,,"spotify,soundcloud",
Mish,1e334465-1ff6-4bbf-9064-08886224d8a3,69NJDQCAGapYsKD2JuqQk5,,,,,,,https://soundcloud.com/mishdj,mishdj,,,,,"spotify,soundcloud",
Otyken,8054c4d8-9625-11e9-abf0-549f35161576,63tficClWA0HEI8bnlbA2l,,,,,,,https://soundcloud.com/otyken-scmusic,otyken-scmusic,,,,,"spotify,soundcloud",
IAMPRATHEEK,6f67907f-868e-4acc-8a5b-85a40eb2d4d3,3XZ12XrEzmileZJFImRHxN,,,,,,,https://soundcloud.com/iampratheek-sc,iampratheek-sc,,,,,"spotify,soundcloud",
High Klassified,11e81bc3-bf1b-61f0-8b2b-a0369fe50396,4V5f0tr4dGBGUvW5HsR22O,,,,,,,https://soundcloud.com/haruyen,haruyen,,,,,"spotify,soundcloud",
Roni Joni,11e81bba-5374-427c-a95f-a0369fe50396,6bOFip2ybOQL6NalgLNLIF,,,,,,,https://soundcloud.com/roni-joni,roni-joni,,,,,"spotify,soundcloud",
Robosonic,11e81bcd-ea44-18a4-a183-a0369fe50396,2XBuvmyzhH85j6sqv1fV3l,,,,,,,https://soundcloud.com/robosonic,robosonic,,,,,"spotify,soundcloud",
Federico Albanese,11e81bba-d102-b0a2-b229-a0369fe50396,75DsjkCdxGmvitG1tqqBkL,,,,,,,https://soundcloud.com/federicoalbanese,federicoalbanese,,,,,"spotify,soundcloud",
Chris Cox,11e81bc2-6235-43d0-8c0b-a0369fe50396,1PLakF1tFiv9zn73N2UjaN,,,,,,,https://soundcloud.com/chriscox,chriscox,,,,,"spotify,soundcloud",
Vixen,2abe449b-13cb-4d51-9779-ff62186c33e7,4wlPkvHKZzP2K8wtBzFRyY,,,,,,,https://soundcloud.com/vixen_vex,vixen_vex,,,,,"spotify,soundcloud",
Justin Mylo,11e81bc6-84ae-1668-a5fc-a0369fe50396,7MFJyevu6jq0shwDuVLymu,,,,,,,https://soundcloud.com/justinmylo,justinmylo,,,,,"spotify,soundcloud",
Jerome Molnar,ae4450a2-d375-11e8-96b1-549f35141000,2M3DTwrZjBfPAT3PBdc3fj,,,,,,,https://soundcloud.com/user-624346821,user-624346821,,,,,"spotify,soundcloud",
EVILDXER,c0ca41e9-55e5-4ee6-baf0-5045df0c83fb,6mEaCmk5qUN3U83PzhpjqH,,,,,,,https://soundcloud.com/evildxer,evildxer,,,,,"spotify,soundcloud",
EC Twins,11e83fe4-68cf-9f92-8b72-aa1c026db3d8,6QACkIioo2Na2EKEwJzCKK,,,,,,,https://soundcloud.com/ectwinsmusic,ectwinsmusic,,,,,"spotify,soundcloud",
Les Baxter,11e81bc2-11dd-9400-b9a4-a0369fe50396,35pV6EUbherudlvAftoueR,,,,,,,https://soundcloud.com/les_baxter,les_baxter,,,,,"spotify,soundcloud",
Phil Axes,0d528ea9-8fbb-47e5-9a27-20383c8f51fb,0VFWh6K23ZImXW9loa6ciu,,,,,,,https://soundcloud.com/philaxes,philaxes,,,,,"spotify,soundcloud",
Sam Paganini,11e81bcb-812b-6ff4-ae29-a0369fe50396,50ZyjIaVHOy5Xt7FLJ7RZl,,,,,,,https://soundcloud.com/sam_paganini,sam_paganini,,,,,"spotify,soundcloud",
Eldrelder,46355f4b-08e8-4491-bfea-d2849526de7d,3TrVbyS2m9PyOxsjoPos7Z,,,,,,,https://soundcloud.com/eldrelder,eldrelder,,,,,"spotify,soundcloud",
Nause,11e81bbb-37a8-d674-a95e-a0369fe50396,4PVn1b2WnnXdq80C7uaZLZ,,,,,,,https://soundcloud.com/nause,nause,,,,,"spotify,soundcloud",
Grandbrothers,11e81bc2-3ddb-bb4a-aa18-a0369fe50396,62Jwsvqi7hW8TR9rAcfBXY,,,,,,,https://soundcloud.com/grandbrothers,grandbrothers,,,,,"spotify,soundcloud",
Koastle,a0b26f19-9ed2-4367-9249-00890249d7c7,3AqRITBdB7bKbE7aNOVx6g,,,,,,,https://soundcloud.com/koastle,koastle,,,,,"spotify,soundcloud",
Saloni Thakkar,03d4a9c2-eefb-11e8-8d5f-549f35141000,7haLHbJDuh7ZPdFM78PtPg,,,,,,,https://soundcloud.com/saloni-thakkar-4,saloni-thakkar-4,,,,,"spotify,soundcloud",
Jos√© Molina,11e83fe3-bb89-3dac-9e87-a0369fe50396,64sor8KhJsha9rn0LKiDGh,,,,,,,,,,,,,spotify,
ISSBROKIE,2be5560b-e987-49cb-8084-2b051e2c7ce7,23GnlSzW49oADOGGjvyfEI,,,,,,,https://soundcloud.com/issbrokie,issbrokie,,,,,"spotify,soundcloud",
AERAL,b4cfda8f-4dd6-476b-b0e8-e3adcb0efe9b,6uLoKPeZAAeiJUjBORML7d,,,,,,,https://soundcloud.com/user-440834449,user-440834449,,,,,"spotify,soundcloud",
KIRA,1dff2c98-c59b-11e8-af5c-549f35141000,11T32AM3Tp0oYZ3PEWHGLZ,,,,,,,https://soundcloud.com/kira-368212747,kira-368212747,,,,,"spotify,soundcloud",
Modestep,11e81bc9-98ef-4bee-af4b-a0369fe50396,5zYJziKktyqWwmoAWXrShP,,,,,,,https://soundcloud.com/modestep,modestep,,,,,"spotify,soundcloud",
Tentendo,11e83fec-30bf-ff40-b606-aa1c026db3d8,3eUpxakSdjFZ5ROQKgfL2W,,,,,,,https://soundcloud.com/tentendo,tentendo,,,,,"spotify,soundcloud",
Pluviocity,f5c25c8b-0425-4e00-89e1-5bbc629b4c0f,4Gz0cPOPMpeQFqHTwr4n2c,,,,,,,https://soundcloud.com/pluviocity,pluviocity,,,,,"spotify,soundcloud",
Lucaveros,11e83fe7-6c59-bde8-bf27-aa1c026db3d8,5u6VEc0OwUChkBhYfAcSWS,,,,,,,https://soundcloud.com/lucaveros,lucaveros,,,,,"spotify,soundcloud",
Ryos,11e81bc6-e1c5-69c8-931e-a0369fe50396,7us9kFadl2fztbHSvlNk6M,,,,,,,https://soundcloud.com/ryos,ryos,,,,,"spotify,soundcloud",
Goldaine,cc8e3751-f3df-4c26-99c7-306c1d0b1806,1QftYA5x2E5cUTutfjtcfg,,,,,,,https://soundcloud.com/mathis-blot-780130907,mathis-blot-780130907,,,,,"spotify,soundcloud",
DJ Jean,11e81bc1-ee8d-4554-915a-a0369fe50396,73MDPnjHtoqOexpBNe4FPl,,,,,,,https://soundcloud.com/jeandupcbdj,jeandupcbdj,,,,,"spotify,soundcloud",
Reality,5de4796a-606a-11ea-9ef3-e4434b2a4898,5g1vVHJ6fb6VnsTOJKjvez,,,,,,,https://soundcloud.com/reallyrealreality,reallyrealreality,,,,,"spotify,soundcloud",
PatrickReza,11e81bd2-7c32-77de-831b-a0369fe50396,1tJnPDE5oPDB6ZqMsCTTYx,,,,,,,https://soundcloud.com/patrickreza,patrickreza,,,,,"spotify,soundcloud",
Yelloo Hill,9ccd8f22-c08e-44c6-81b5-6e6bb86b0068,7H0V1WLSqhcvm772huQ8ke,,,,,,,https://soundcloud.com/yelloohill,yelloohill,,,,,"spotify,soundcloud",
Kings Of The Rollers,11e83fed-fa69-41de-8077-a0369fe50396,3OHnTiMsWYjSyj52aKmrBP,,,,,,,https://soundcloud.com/kingsoftherollers,kingsoftherollers,,,,,"spotify,soundcloud",
RDX,11e81bd0-e1f1-ea8e-9cb8-a0369fe50396,4GpVRyxDYccJrbQkO3KWws,,,,,,,https://soundcloud.com/rdx-274773428,rdx-274773428,,,,,"spotify,soundcloud",
Fun Factory,11e81bba-7a5c-1f7c-9788-a0369fe50396,22p5npx84cXYat7kgGocRZ,,,,,,,https://soundcloud.com/funfactory20444,funfactory20444,,,,,"spotify,soundcloud",
Sergey Lazarev,466b6650-b8d6-11e8-ab87-525400009efb,69GGH3fqk8waBkpDJ5C2mK,,,,,,,https://soundcloud.com/sergeylazarevofficial,sergeylazarevofficial,,,,,"spotify,soundcloud",
Alex Farolfi,11e81bd1-eac4-f6e6-a48b-a0369fe50396,4FVWo02JNAzbxhp5FIXQLe,,,,,,,https://soundcloud.com/alex-farolfi-729149436,alex-farolfi-729149436,,,,,"spotify,soundcloud",
STEEL,7726fb4e-c1d0-11e8-8797-525400009efb,3bLSAQPeix7Xm2e5Gtn48R,,,,,,,https://soundcloud.com/steel-hanf,steel-hanf,,,,,"spotify,soundcloud",
Josh Cumbee,a2e1444a-c1b9-11e8-a07e-525400009efb,5deoijipwIdBiA27rEj14E,,,,,,,https://soundcloud.com/joshcumbee,joshcumbee,,,,,"spotify,soundcloud",
Ben Delay,11e81bc9-ec9f-e186-8158-a0369fe50396,1GedScfXwlE0mqLZzzliN2,,,,,,,https://soundcloud.com/bendelay,bendelay,,,,,"spotify,soundcloud",
R√™ve,73bbfcb3-0b2c-4586-9877-cd1451ea447c,4O15NlyKLIASxsJ0PrXPfz,,,,,,,,,,,,,spotify,
Tony Garcia,11e81bcd-baa0-2296-ad2b-a0369fe50396,3IHk5yXgKkIfnjDawpk2td,,,,,,,https://soundcloud.com/tonygarciadj,tonygarciadj,,,,,"spotify,soundcloud",
Emrod,11e83fea-fa22-ac22-9a4e-aa1c026db3d8,7Gd2a8LhB6hvrgFjuZMw9U,,,,,,,https://soundcloud.com/emrod-14,emrod-14,,,,,"spotify,soundcloud",
Nikhar Juneja,2f1829da-4edf-4cf8-a1e2-e08966a0f74f,4QJSa6O7EDgowYYq6UQQLl,,,,,,,https://soundcloud.com/nikhar-juneja,nikhar-juneja,,,,,"spotify,soundcloud",
Teja,11e81bc9-d18d-8c18-b936-a0369fe50396,71L1Q7gkwA3lFldMfBuDSA,,,,,,,https://soundcloud.com/teja-399595114,teja-399595114,,,,,"spotify,soundcloud",
Feargal Sharkey,11e81bc0-8889-43c6-b9ec-a0369fe50396,3zk5lgbVEre0rKRBqiKt0T,,,,,,,https://soundcloud.com/feargal-sharkey,feargal-sharkey,,,,,"spotify,soundcloud",
St. Lucia,11e81bc2-1f43-dcc6-80ac-a0369fe50396,5WId4o5jdGVhptNU0uqKxu,,,,,,,https://soundcloud.com/st-lucia,st-lucia,,,,,"spotify,soundcloud",
Landon Ryle,892faf50-27b4-4c9c-bf55-594a4647059b,1ZuahBYwNDFPAo6QAsnxTf,,,,,,,https://soundcloud.com/landonrylemusic-828796074,landonrylemusic-828796074,,,,,"spotify,soundcloud",
Street Boy,402928db-780a-4b14-91b9-39ae7d560633,5rSXSAkZ67PYJSvpUpkOr7,,,,,,,https://soundcloud.com/streetboyofficial,streetboyofficial,,,,,"spotify,soundcloud",
Chambord,1cfceb5c-9aaa-11e9-8ac9-549f35141000,5S5jGEkiJMWHt6XYasZOLJ,,,,,,,https://soundcloud.com/wearechambord,wearechambord,,,,,"spotify,soundcloud",
lexycat,8afb6075-7d9a-4ab8-bf5b-4d44ccbc9cba,4h2w55mRM0SkL9c0fu3qAC,,,,,,,https://soundcloud.com/1lexycat,1lexycat,,,,,"spotify,soundcloud",
MBP,c5ca4676-c364-11e8-b625-525400009efb,6HknNgSM0qwhMbumje0g5o,,,,,,,https://soundcloud.com/mbp-official,mbp-official,,,,,"spotify,soundcloud",
Boys,11e81bbd-3dfc-77cc-92c4-a0369fe50396,62k5LKMhymqlDNo2DWOvvv,,,,,,,https://soundcloud.com/beastieboys,beastieboys,,,,,"spotify,soundcloud",
Meric Again,3203b75e-f416-4779-9862-2d8993e1a082,2muaKB2dAVbfGrPySPiZqF,,,,,,,https://soundcloud.com/mericagain-music,mericagain-music,,,,,"spotify,soundcloud",
Philipp Kirkorov,8364343c-2736-11e9-ae4a-549f35161576,3ANNnVJ7NCdIZV6P2YzvlI,,,,,,,https://soundcloud.com/filippkirkorov,filippkirkorov,,,,,"spotify,soundcloud",
Jiyagi,17b169a2-89e3-11e9-b01a-549f35141000,1W62M2K9f0mwHdXhtywK4l,,,,,,,https://soundcloud.com/jiyagi,jiyagi,,,,,"spotify,soundcloud",
CASHFORGOLD,f1c21748-c1a4-11e8-ab01-525400009efb,4FzthA7DjutA71z91I1DKX,,,,,,,https://soundcloud.com/cashforgoldd,cashforgoldd,,,,,"spotify,soundcloud",
Malice,1ceb95b4-c5f8-11e8-af1a-549f35141000,4P4gZvRYiVpvtCkmd37jRM,,,,,,,https://soundcloud.com/metsyss,metsyss,,,,,"spotify,soundcloud",
RZXT!,e6a51c68-3137-49ae-afba-12ee9e1f512f,5hfVobwxTC73whNVhzwlcP,,,,,,,https://soundcloud.com/rzxtplaya,rzxtplaya,,,,,"spotify,soundcloud",
GUDI,603c3338-c24b-11e8-8ae2-525400009efb,6IOnGfED9G9QWwZUTlUUH9,,,,,,,https://soundcloud.com/gudimusic,gudimusic,,,,,"spotify,soundcloud",
Babli Haque,11e81bc0-1a1d-171e-92ca-a0369fe50396,3JQTZpUXHS2iWfyF5LsMxx,,,,,,,https://soundcloud.com/bablihaque-music,bablihaque-music,,,,,"spotify,soundcloud",
Seth Hills,11e81bba-ad0e-2708-96e0-a0369fe50396,5nFt7a5Du2MkdAr1KniXh7,,,,,,,https://soundcloud.com/sethhillsmusic,sethhillsmusic,,,,,"spotify,soundcloud",
Blended Colours,1555dd2c-c3f1-11e8-b037-525400009efb,0hilVq0NlYegOGXan9zu6f,,,,,,,https://soundcloud.com/blended-colours,blended-colours,,,,,"spotify,soundcloud",
S.P.Y,11e81bba-bab8-c052-a783-a0369fe50396,6aJAd8zM1s3Slw64KfsmaF,,,,,,,https://soundcloud.com/spydnb,spydnb,,,,,"spotify,soundcloud",
Olakira,11e8aa02-78e4-3c8e-b8d9-525400009efb,0rMCvFPIvdoBmgdcVADKQE,,,,,,,https://soundcloud.com/olakira,olakira,,,,,"spotify,soundcloud",
FRVNKK,7bae2ef4-507f-4e72-aea5-bbdc4beaa5ec,73ZUVJpRyRACS9qUSGVpWC,,,,,,,https://soundcloud.com/4frnkk,4frnkk,,,,,"spotify,soundcloud",
Reo Cragun,11e81bd1-7ae1-5ae0-bfa4-a0369fe50396,08v1r0jqDyvSo2LtSqHxcy,,,,,,,https://soundcloud.com/reocragun,reocragun,,,,,"spotify,soundcloud",
Mbuxx,45c9fabd-4e56-4540-b349-6914d757f7b8,3JQMhRMQlzHTD5RWpFROkk,,,,,,,https://soundcloud.com/autisticmonkey00,autisticmonkey00,,,,,"spotify,soundcloud",
Daphni,11e81bc8-1b60-e120-bb70-a0369fe50396,4nhvb6x9ZhPiYCzrHDNia9,,,,,,,https://soundcloud.com/daphni-music,daphni-music,,,,,"spotify,soundcloud",
Spektrem,11e81bd2-26ed-d782-b0ee-a0369fe50396,1bNEG4iSClCqQRyZgho3YV,,,,,,,https://soundcloud.com/jessepaulwarren,jessepaulwarren,,,,,"spotify,soundcloud",
John O'Callaghan,11e81bd2-d9d9-6118-9a02-a0369fe50396,6H2JQ8igAAa5UBr2u496mb,,,,,,,https://soundcloud.com/johnocallaghan,johnocallaghan,,,,,"spotify,soundcloud",
Alessandro Penna,40e5b98a-c25c-11e8-b80d-525400009efb,2a2IhUxcm18U4aE3Bm69fm,,,,,,,https://soundcloud.com/user-650007934,user-650007934,,,,,"spotify,soundcloud",
Atoom,f56712ba-75ad-4132-886e-c13de87e3043,3rH1VXAVGu5RvvPrkWvTjL,,,,,,,https://soundcloud.com/atoom,atoom,,,,,"spotify,soundcloud",
Project One,11e81bc7-e2d8-3b82-a30c-a0369fe50396,7fMJN4fdEwmFWd8uz5pnKx,,,,,,,https://soundcloud.com/projectone-scmusic,projectone-scmusic,,,,,"spotify,soundcloud",
Sleazy Stereo,11e83fe3-278d-9ed6-83eb-a0369fe50396,5JETTAtrcvmmrrGCYINb5i,,,,,,,https://soundcloud.com/sleazystereo,sleazystereo,,,,,"spotify,soundcloud",
Winding Down,6be60e19-f4a1-4bac-a9e9-ff7954c81417,2a4mBYnXQQQrd94VnZilKX,,,,,,,https://soundcloud.com/windingdown,windingdown,,,,,"spotify,soundcloud",
Teknoclash,11e83fee-0523-98fe-8b55-aa1c026db3d8,0Q900eSnku7mrRFfi1Eoyb,,,,,,,https://soundcloud.com/teknoclash,teknoclash,,,,,"spotify,soundcloud",
Ferrante & Teicher,11e81bca-8035-fa5c-9910-a0369fe50396,17rSwcIT9qu1OybU1lReJB,,,,,,,https://soundcloud.com/ferranteteicher-music,ferranteteicher-music,,,,,"spotify,soundcloud",
Marnz Malone,11e83fe2-e7d3-b5be-a61d-a0369fe50396,0mxo01LgzQUpNf8KFMGHe4,,,,,,,https://soundcloud.com/marnzmalone,marnzmalone,,,,,"spotify,soundcloud",
SNBRN,11e81bc8-b464-e2cc-8e8b-a0369fe50396,2zJ8chFLjiBHRNchfevMRI,,,,,,,,,,,,,spotify,
Manafest,11e81bc9-62a6-0e60-96d7-a0369fe50396,4uOFEWy9mIcvQbr03IbPcL,,,,,,,,,,,,,spotify,
Shannon,acf41b3a-c26b-11e8-b24e-525400009efb,7DK8ciAzyY5fZe9Zcuw61w,,,,,,,,,,,,,spotify,
Dj Ren√© Abrego,8154c592-6099-4da8-aef1-ffbf549dece2,6xA9nblh3vWgH8D593Jhkz,,,,,,,,,,,,,spotify,
Vesala,11e83fe5-971a-5dfa-98ff-a0369fe50396,5fyBhURKALJ81CC9X4DvZP,,,,,,,,,,,,,spotify,
Spiritual Frequencies,e9daff85-8867-49df-bf77-4a1f4a44c819,5gUJK8QwnYlsLRnxepd7A5,,,,,,,,,,,,,spotify,
Abaddon,8e3d6314-b46d-11e9-8035-549f35161576,48RskPAKcWBbzFQk2UErWA,,,,,,,,,,,,,spotify,
Nazeeb Billu,bc17162d-3408-484e-b679-192ec115f642,7qKOPvmYkqaCrl8pddYJnk,,,,,,,,,,,,,spotify,
Mr Cat,07655132-6544-4b41-ba83-1dbfa320b6d8,2mL57uRVVh4BLQr9Ryqgi9,,,,,,,,,,,,,spotify,
Keen Champ,4039c6d1-065a-40c1-a9bb-a6cdb70e7db8,7t2zhoxHv0k3ddI01x4TS1,,,,,,,,,,,,,spotify,
Yasin Kele≈ü,11e83fe1-3968-acec-a890-a0369fe50396,4vDFE2kUqchV4lOsCVfsc7,,,,,,,,,,,,,spotify,
Jandro,11e81bcd-74c7-bab8-9161-a0369fe50396,6RgrFjRRQpPPpTnb4HXEBr,,,,,,,,,,,,,spotify,
Rasel,11e81bca-767b-369e-851c-a0369fe50396,1uh9OOdPa89c5zPaOD6K2N,,,,,,,,,,,,,spotify,
Dark Heart,11e83fe8-3086-c670-9d03-aa1c026db3d8,1k7Cc2WGh6LAE1TUh6dsiy,,,,,,,,,,,,,spotify,
El Combo Perfecto,11e81bbc-692d-97ba-9288-a0369fe50396,0A4y098FlxOT3han3D0o9j,,,,,,,,,,,,,spotify,
Haska,6558fc95-9f34-44b8-b246-ab1a7595e06d,0oNrNJk1WEVKDpbz4bw54T,,,,,,,,,,,,,spotify,
Fakear,11e81bd3-2129-772e-95d2-a0369fe50396,4eFImh8D3F15dtZk0JQlpT,,,,,,,,,,,,,spotify,
Bastyan,04fc0ce7-273b-4c3c-8d1b-a6ade1cd8d66,3BJgrhhTMNGZn3ORwAlK9g,,,,,,,,,,,,,spotify,
Abreu,11e83fed-671b-24c4-9d63-a0369fe50396,5kOwMqoAYEX24YgxEZP6K7,,,,,,,,,,,,,spotify,
Sol Reya,1c31a94e-e7a5-4d99-b186-e41b5760deae,1WOC51A3fmT0ONyhUtH1G8,,,,,,,,,,,,,spotify,
Timo Maas,11e81bc8-83c3-8a1a-8557-a0369fe50396,1nN9sUUgtCl0Z9ciCLc48Q,,,,,,,,,,,,,spotify,
Lilac,11e83fe5-cfd1-5e82-bdc8-aa1c026db3d8,3wKV11EdqfY7lFaUeDUEC1,,,,,,,,,,,,,spotify,
ISXRO,bfb3b8fb-a950-4ba1-af29-f74cedf46ce8,6P5L9HA8NpBlSx72fGpNBu,,,,,,,,,,,,,spotify,
Moonloop,76878c96-5bea-4f25-bc4f-4030f4f26661,4mHQKN5WYx4x5Ynwx91ZGg,,,,,,,,,,,,,spotify,
SQL2VD,8961fea0-ab75-4cf7-b32c-d15b3766afae,1rsJIakE2V2mJY5EEjzf9I,,,,,,,,,,,,,spotify,
Low Steppa,11e81bc2-2552-a8f4-bb40-a0369fe50396,5OImcY3khBn9UFjzgaapob,,,,,,,,,,,,,spotify,
Oleksandr Chukhlib,81a215e7-5034-448d-9230-d5252918358b,7BjwFCiX6K7FlfVsN2uXUf,,,,,,,,,,,,,spotify,
Nyday,7895e493-a687-41c9-8fde-cfa9ce3bc0a2,0L8JYDELi85NGgYy30MbRa,,,,,,,,,,,,,spotify,
May Zoean,ad4f7594-c5a8-11e8-bbec-549f35141000,23SyodQYstma0O9w4ERf4s,,,,,,,,,,,,,spotify,
Iminum,ec08b03a-c3ec-4e58-912f-4ef105c41021,1xjezEibBtcDRYjpMxXOQX,,,,,,,,,,,,,spotify,
Amtee,f638bd72-87bf-11e9-8882-e4434b2a4898,1NRWp10vx6p2j92O8r68bG,,,,,,,,,,,,,spotify,
Gianluca Dimeo,b51ab756-e452-11e9-ac50-549f35141000,5OBm2KxB9JIw4o9msXkeNQ,,,,,,,,,,,,,spotify,
Just Kiddin,11e81bbd-cb88-2762-8bb2-a0369fe50396,4bazJLWIv8CuqmgxJRiGqo,,,,,,,,,,,,,spotify,
Dinah Eastwood,11e81bbf-d228-0d24-b175-a0369fe50396,0fEmrjJq8kgO5Vuomz0FJ9,,,,,,,,,,,,,spotify,
Laherte,ad3e77b8-bb4c-11e9-8124-e4434b16cb7a,1iHLjX5K4nfcDZGj0Z2lkP,,,,,,,,,,,,,spotify,
PS1,46458454-5547-11e9-859c-549f35141000,0LOK81e9H5lr61HlGGHqwA,,,,,,,,,,,,,spotify,
WAYNE FLENORY,8f999cd6-3251-4189-b48f-1de8bc810247,6SZwuzkYiQwQIFMJ6VHCIV,,,,,,,,,,,,,spotify,
Wynter Gordon,11e81bbb-1ae7-dc1a-b426-a0369fe50396,4nmrm4zpgJ0RC6aZRSUEjF,,,,,,,,,,,,,spotify,
FM-84,11e81bc9-f0d4-ce10-9028-a0369fe50396,1xvEo98zythSrgN69GQevk,,,,,,,,,,,,,spotify,
Jackson Homer,dc3263a6-c5ff-4a9b-b2f3-af8b62e94e93,0W9bMhPWFmnO2u2ejaVDlC,,,,,,,,,,,,,spotify,
Sos,11e81bcc-dcea-e166-8b28-a0369fe50396,3JlN0MeWVJq0vjvsvWCRZ5,,,,,,,,,,,,,spotify,
Rival Consoles,11e81bc2-ac19-7d0e-b89b-a0369fe50396,05lIUgmmsmTX2N9dCKc8rC,,,,,,,,,,,,,spotify,
Warpaint,11e81bc2-c15b-dff4-b165-a0369fe50396,3AmgGrYHXqgbmZ2yKoIVzO,,,,,,,,,,,,,spotify,
X CLUB.,37308f1c-9fc6-11e9-842f-e4434b16cb7a,4CYPaFp9yDrNduNptv0DPQ,,,,,,,,,,,,,spotify,
Juando,592b97be-c476-11e8-8251-525400009efb,5QdanLFGUCg40u4E9OMgBv,,,,,,,,,,,,,spotify,
Act of Rage,11e81bc7-a2dd-c2a4-95e5-a0369fe50396,5eHs2hHfUzGizdnrLjc3CW,,,,,,,,,,,,,spotify,
Grossstadtgefl√ºster,11e81bbd-ffad-9b58-be97-a0369fe50396,5h2WkXswHLkZe60EEf3eiG,,,,,,,,,,,,,spotify,
Rootkit,11e81bbc-6d4a-3394-8434-a0369fe50396,01olvHW7uzIInQx9VTNuJm,,,,,,,,,,,,,spotify,
General Levy,11e81bd3-156b-8ec2-b983-a0369fe50396,2bHgAaZ7qbGbMMXwAQm48I,,,,,,,,,,,,,spotify,
SK3TCH01,2eca924a-ce48-49a3-ad8d-adc18385b9ca,0NakXcxWSSLTMHvJsDWPVC,,,,,,,,,,,,,spotify,
Mark Sixma,11e81bca-99c6-1862-a475-a0369fe50396,3ePCIHipMKD4n8IBXBYWSm,,,,,,,,,,,,,spotify,
Love Harder,c0161c20-af6b-11e9-a318-801844edfa71,09JJrjk6Mr5ZYwk1mk7aEb,,,,,,,,,,,,,spotify,
Blind Channel,11e81bc9-d728-532e-8c3f-a0369fe50396,3L58J6a7f0jyy2p6f3MSAs,,,,,,,,,,,,,spotify,
Grant,11e81bbb-85ec-063a-85e4-a0369fe50396,6dAtGAnHCQ1ujMUZ9Ep82k,,,,,,,,,,,,,spotify,
Alban Chela,f28627a4-c416-11e8-a38e-525400009efb,53gpGyHpJpOOe0UIl0YigG,,,,,,,,,,,,,spotify,
Chris Burke,11e83fec-7919-5070-ade0-a0369fe50396,6GLXBp1Ws3fKD5dtH191F9,,,,,,,,,,,,,spotify,
DB Boulevard,11e81bbf-9cea-03e2-b46c-a0369fe50396,17jVKTope5TIJoBQBTzaxj,,,,,,,,,,,,,spotify,
PapaRaZzle,1f1928fc-c0f2-11e8-8ebe-525400009efb,4hfjJtqZRM6khacMfYHwTL,,,,,,,,,,,,,spotify,
MayDance,fcc9553c-fa9d-4a2b-bbb3-920ecff6b89f,3kxIpmExJ6PbxU7qzqOEa4,,,,,,,,,,,,,spotify,
MOKABY,11e83fec-8a9c-0356-ae4f-a0369fe50396,3AXI2Qfty5IVrmtQzi8weo,,,,,,,,,,,,,spotify,
Mulest Vankay,9d341f46-1983-4c4d-9bfe-d5d99f4376b4,3xqiosg5nLMwVd8w3lO5li,,,,,,,,,,,,,spotify,
SOFI,be4bf968-fc09-48ea-b5ca-bfbeb1f7e246,586uxXMyD5ObPuzjtrzO1Q,,,,,,,,,,,,,spotify,
Trap Music Now,7089bade-f8b6-11e8-856d-549f35141000,1cQnHsdUqpQ1z8D5uZyXPP,,,,,,,,,,,,,spotify,
Amber Vashisht,11e81bd2-0ad1-be2e-957d-a0369fe50396,5oNkPMlb4zyhQ8G5onn0Et,,,,,,,,,,,,,spotify,
Hudson Mohawke,11e81bc1-881d-fc1e-8af6-a0369fe50396,6olWbKW2VLhFCHfOi0iEDb,,,,,,,,,,,,,spotify,
Steve Stevens,11e81bc9-f213-d384-a156-a0369fe50396,4ZMaiDLfxDaoG7ULXgcnDb,,,,,,,,,,,,,spotify,
Chley,606313a9-57fd-49f1-88d1-dfa675d71bd7,7HpriU9gAJThxAfPfXpZ6N,,,,,,,,,,,,,spotify,
Mr. Pig,11e81bcc-b981-89be-8376-a0369fe50396,4psozRvxjEJEOANLHTwA7J,,,,,,,,,,,,,spotify,
Allem Iversom,11e83fec-faf9-4f46-a598-aa1c026db3d8,6RaUtVLO8R5TsVdJIxSrq1,,,,,,,,,,,,,spotify,
Infinity Frequencies,11e81bc6-a3e2-e2fc-952d-a0369fe50396,6XcJCz7dqlBOyZ0b57SyQp,,,,,,,,,,,,,spotify,
Picco,89c36634-9d0f-46bb-bff2-2baf28f6438d,5Ag3wuPOl3y5hJgqhhqVVM,,,,,,,,,,,,,spotify,
Atura,11e83fea-e83c-ac92-a8b6-aa1c026db3d8,5nn0cIrXfm1pZ7jKFFexei,,,,,,,,,,,,,spotify,
Rachel Morgan Perry,2601661a-9ca8-11e9-a9cb-e4434b2a4898,1VpFjX7r5UVSrMXq0NPyr0,,,,,,,,,,,,,spotify,
IDRIS,11e81bcf-14c0-662c-9c7d-a0369fe50396,0Dc2rdPzleezxhvQhQbXuS,,,,,,,,,,,,,spotify,
Sl√∏wlyFallingRain,6f4ae533-1e9f-4170-8be0-a7a15e9e2797,72bCGY9fp887M3jCqTh31z,,,,,,,,,,,,,spotify,
Raffa Affar,ebac2a22-2002-415a-b71b-fd1ea13dbe2b,7JqV001XBrSr1Iyt66VPGk,,,,,,,,,,,,,spotify,
Izingane Zoma,11e83fdf-d128-5bb0-8911-aa1c026db3d8,1fa6d4xSwQWEhmp0MwKw61,,,,,,,,,,,,,spotify,
Julia Temos,09a5e611-0fba-4fad-a806-48da819bb363,4sUiTGTyvwqW4SVx4urOac,,,,,,,,,,,,,spotify,
DJ Khushi,11d9be62-c643-11e8-83a7-549f35141000,6xElGyunMSlnuJ2vabDUWA,,,,,,,,,,,,,spotify,
GISELLE,9f68db2a-ed2f-4953-a62f-12f5faf4fc09,5cxol8ruhBU1QpUick7A42,,,,,,,,,,,,,spotify,
Y1LIAS,d0a43f45-622f-4203-9fbc-27f05120c324,1AmK1hcVdHW4C7KrrYdREZ,,,,,,,,,,,,,spotify,
Leslie Parrish,11e81bc0-8bbd-45d8-89d3-a0369fe50396,0fcQm3RnOXaVsvKtnRp2K8,,,,,,,,,,,,,spotify,
Kinechan,f98ed976-6f71-49c6-aa7c-5def9af3d814,6av4qugr2BXsFc4BDGUzPF,,,,,,,,,,,,,spotify,
dbasser,7f992e3c-c705-4ed4-9a82-70204bbac507,5psF4RFR5m6MyLC7whUI2b,,,,,,,,,,,,,spotify,
Artwork Sounds,be580ed7-3bbc-4b20-a92b-73fd3b45b3e0,0OxQiJ0uuDuuQ3dqkIbjwR,,,,,,,,,,,,,spotify,
Cloudchord,11e81bd2-7d39-cfd8-b870-a0369fe50396,5EjKjFGvMmVUGCfAyDY2lG,,,,,,,,,,,,,spotify,
Rubenson,72aa5938-127b-11ea-9970-e4434b2a4898,2ZHUynevOc3AP5IXTXEIGA,,,,,,,,,,,,,spotify,
999999999,11e81bc2-aabe-fc40-8bc4-a0369fe50396,6uD2LjPHUjxrpax0se17Nc,,,,,,,,,,,,,spotify,
Markoolio,11e81bbd-bcd4-0fc4-9b4e-a0369fe50396,0cAOG10Gh3ORpBRZ9c7Zam,,,,,,,,,,,,,spotify,
LUXONS,04f70b48-8bad-488f-96bc-5d86f21bdd06,1w1aDgSRwfj75SNZLIaQqi,,,,,,,,,,,,,spotify,
strgurrl,3ebe02ae-391e-4ab1-8366-636dfde37c45,55b219e2HJlycpRI5CUOOp,,,,,,,,,,,,,spotify,
Ziggy X,11e81bc1-139b-37a8-b58a-a0369fe50396,02c73sVTVC2NrbEjCdhU83,,,,,,,,,,,,,spotify,
Valante,7aa1b682-de82-11e8-b2e8-549f35161576,3s1vSYK2eb5fflFHezIbUh,,,,,,,,,,,,,spotify,
Enamour,11e83fe9-54e4-be9a-a170-a0369fe50396,6D1PUSzHf2Z4jTFIdhjJoO,,,,,,,,,,,,,spotify,
Keys & Copper,11e83fec-f45a-3dd0-82b0-aa1c026db3d8,7rjd9A2smYVmaASUVMCUPy,,,,,,,,,,,,,spotify,
Shayan,e49c9145-6738-40da-b0b9-7cb7f701faef,1FNwzLXkhIaUBJ8yMW72Q9,,,,,,,,,,,,,spotify,
Jerome Isma-ae,11e8ac24-ed9c-fe16-bcd8-525400009efb,4GEIawzVZxWGdtl9OOdgeA,,,,,,,,,,,,,spotify,
Ivan,11e81bba-b2b7-dbea-9d16-a0369fe50396,6PH3FLQAxtqYy46Zv08bpV,,,,,,,,,,,,,spotify,
Anderex,5d5ad1ce-c37c-11e8-8d44-525400009efb,7wXBtpPB5GFddtz9OeBlPW,,,,,,,,,,,,,spotify,
Conrad.,8043a27e-5c6e-4f7a-96b1-6e5bbbe02bb8,788qKGMEh4hfYUTy8yANRC,,,,,,,,,,,,,spotify,
Pablo Fierro,11e81bd1-dd6c-39d2-8252-a0369fe50396,5N7gp2n04e1TJ6MaKyvrbI,,,,,,,,,,,,,spotify,
Kastra,11e81bbb-89e7-a67c-be81-a0369fe50396,6sQYSV8XvcA9CQZb6OBHHC,,,,,,,,,,,,,spotify,
goreshit,11e81bbf-1168-830c-87b0-a0369fe50396,2UyOnfaE8nWXKPwYQyp2La,,,,,,,,,,,,,spotify,
Project AER,54661240-8942-11e9-838e-801844edfa71,0iMWUBpWAGKAenBVePrZFP,,,,,,,,,,,,,spotify,
Lestmor,aae598b5-5f16-4e94-b0e3-b14f4847bd3d,3udoTlgIpeC1VAFeR8BcPK,,,,,,,,,,,,,spotify,
D-Bomb,c42067fb-10b6-4200-9954-e93f98509f3a,4rWCTuiE7boKCQa5p66OrP,,,,,,,,,,,,,spotify,
Omar Meme,0303ce7f-f378-4bdf-aa0a-d9ff8bf82907,4f0NZYGUl58wZjk2cmZJen,,,,,,,,,,,,,spotify,
Raj dhillon music,29da7f44-4bcb-4de7-8bec-36daf367659f,3olKNj69Auy7W92jhdchvm,,,,,,,,,,,,,spotify,
Blksmiith,bbe9d1d9-9618-415d-94ef-f807b5af66e2,3K49BAizpfWdDws7kKsdwu,,,,,,,,,,,,,spotify,
GRAVEDGR,11e8a9ff-8d18-04ea-adef-525400009efb,1kiZfWU37oS0pCOV7Os1Pj,,,,,,,,,,,,,spotify,
CARV,1946b6fc-a321-4bf9-8430-55da67c022c4,5YQT7e8jtdgdaT8lJsOx9A,,,,,,,,,,,,,spotify,
DJ Assad,11e81bc2-7d06-696e-a9ce-a0369fe50396,1PpMfsOyfZ3nmcSoiIohpC,,,,,,,,,,,,,spotify,
FORTELLA,2f831c02-50f0-4c91-a62d-6980d68df7ad,1Gv25YA8ciVilOJBBD2Hv9,,,,,,,,,,,,,spotify,
Islambo,65dcaef2-e69a-488c-af72-3776a4436631,4e4RJ4iHnchQtUlUxyznqR,,,,,,,,,,,,,spotify,
Thazh,558cfe87-16d6-4ab6-8248-71f43d3d31ee,5wS0UASd1414G9lpEetQHB,,,,,,,,,,,,,spotify,
Almanac,11e81bc3-6540-d8c2-9a94-a0369fe50396,2EJxcRlcIa5W1u2v42PvTv,,,,,,,,,,,,,spotify,
Hallasen,f1601778-c23a-11e8-9af0-525400009efb,0stEc1T1y9bWD4BKxyqd1C,,,,,,,,,,,,,spotify,
Kiraw,60b4ef1e-828a-4d28-a84f-a65664ad5ff2,3yAqBJSMpsseHSCtbJNlc4,,,,,,,,,,,,,spotify,
Myon,11e81bc9-ba8d-cba4-9dc1-a0369fe50396,0nTbVTXLLbBA4xCtn0cFkv,,,,,,,,,,,,,spotify,
Tiimie,05d5e97f-1d16-4d0f-b816-1ad06c5d1032,0qrPa7IFsPw9t3sLLfotz9,,,,,,,,,,,,,spotify,
Ilan Bluestone,11e81bc0-80c3-64e6-a838-a0369fe50396,1yoZuH2j43vVSWsOwYuQyn,,,,,,,,,,,,,spotify,
Daveartt,94b7de6f-2d73-4820-8902-f691d975b486,40CLkIpVGy41mBDx1u9D87,,,,,,,,,,,,,spotify,
Endel,e2d1f1c6-5255-11e9-bcc1-549f35161576,3JNr31WfX56vgwBuIcdOt4,,,,,,,,,,,,,spotify,
Bronson,11e83fe8-fc78-e0f6-9a4b-aa1c026db3d8,60yfafz0P3gqaUaOUIddae,,,,,,,,,,,,,spotify,
Wally Lopez,11e81bcc-edb7-b7e4-815f-a0369fe50396,52qx8aMzSqi7JTJUI2dJqZ,,,,,,,,,,,,,spotify,
Sinnesro,6637f8fa-719d-4828-b609-6c1b47bba55b,3CHM9Tbf0hM4MBzWGAcGPc,,,,,,,,,,,,,spotify,
Blondee,11e81bd2-f622-6ac2-bfb8-a0369fe50396,6ymkSFIoNAvBkgokkzbUtC,,,,,,,,,,,,,spotify,
Bandros,37db243d-fc63-4199-9926-3592c6f3fbfc,5yR5c8xnUVQDP3UDqfjhZd,,,,,,,,,,,,,spotify,
Lissat,11e83fe7-a2d4-686e-a9ec-aa1c026db3d8,4WLMZyCKtweyr6aPRT48wN,,,,,,,,,,,,,spotify,
BETASTIC,1d784ce4-f7fb-11e9-af0a-801844edfa71,7C90d0DwIaXnXHKJ4zRbe4,,,,,,,,,,,,,spotify,
Goblins From Mars,11e81bbf-5827-8cca-b77d-a0369fe50396,43X1WUBfHuL1XJYckslH5U,,,,,,,,,,,,,spotify,
Ntokzin,15f45b06-3ccc-11e9-b6f1-549f35141000,01n03WadoqgmHHDQ24v3kV,,,,,,,,,,,,,spotify,
Rx Papi,b376ebf8-fb87-11e9-a8f2-801844ee83a6,56gMovAlFdnmrDk2BcfUlJ,,,,,,,,,,,,,spotify,
Sum Wave,11e81bbb-1764-4632-83b1-a0369fe50396,0bfdnPaHczaQt6tYe8J4Ci,,,,,,,,,,,,,spotify,
Denis Sulta,11e81bc9-334d-d896-b701-a0369fe50396,7cDu9zG1gVQrMdSGBAhzvn,,,,,,,,,,,,,spotify,
Fazobeats,64fca9b1-56a4-4d78-92fd-abfba7370380,5fpOmsbbaKJNE4hqbPzMhT,,,,,,,,,,,,,spotify,
Manjinder Gulshan,b5647358-15a6-11e9-b651-549f35161576,,,,,,,,https://soundcloud.com/balkarankhilamanjindergulshanjassibros,balkarankhilamanjindergulshanjassibros,,,,,soundcloud,
Boy Muller,edcd90dc-5b72-4d5f-a1a3-a5ab07d47951,0B8MhbUZz93I65AJSnVEUZ,,,,,,,https://soundcloud.com/boymuller-music,boymuller-music,,,,,"spotify,soundcloud",
Yavani,cec27a58-54f9-4b80-ad12-e8948b6e37a8,4mr3CaHtmgMMjbhmzVw650,,,,,,,https://soundcloud.com/yavani-music,yavani-music,,,,,"spotify,soundcloud",
StoneBridge,11e81bbb-73b1-ea8e-bd47-a0369fe50396,1jpQ5Xepnpx5YAqKQITP4A,,,,,,,https://soundcloud.com/stonebridge,stonebridge,,,,,"spotify,soundcloud",
Dj Jedag Jedug,17ee0e9e-9fc7-4dad-a4fb-ac52aed62602,,,,,,,,https://soundcloud.com/dj_jedag_jedug,dj_jedag_jedug,,,,,soundcloud,
DJ Yasmin Da Silva,16b6825f-f202-4b5a-b87b-ae6a550c1baf,7oGTY9tBYgHH7qgYbwmWXl,,,,,,,https://soundcloud.com/djyasmindasilva,djyasmindasilva,,,,,"spotify,soundcloud",
Joey Negro,11e81bcc-c1fc-ab5a-8c11-a0369fe50396,4lxMXxZW5ZWKrtBlMOIUuY,,,,,,,https://soundcloud.com/daveleezr,daveleezr,,,,,"spotify,soundcloud",
Black Kray,11e81bd0-9dc2-e30e-b072-a0369fe50396,7EmyqxxYZltYLKFk9sAHzM,,,,,,,https://soundcloud.com/blackkray,blackkray,,,,,"spotify,soundcloud",
Galactica Pivot,cb059a0b-fcc1-42df-a7ff-e35ab690495a,4GwyYAQXedw9Rf6R5lPqiG,,,,,,,https://soundcloud.com/galacticapivot-music,galacticapivot-music,,,,,"spotify,soundcloud",
CoCo,11e81bba-ea43-d906-8eaa-a0369fe50396,6SXTTUJxIVwMbc1POrviTr,,,,,,,https://soundcloud.com/thecocouk,thecocouk,,,,,"spotify,soundcloud",
Jeremiah,11e81bbc-8f8c-fad6-a2be-a0369fe50396,3dRaWv6vYddFDmgcXiQ6mW,,,,,,,https://soundcloud.com/jeremiahblisss,jeremiahblisss,,,,,"spotify,soundcloud",
Mike Gudmann,bda731b0-bfef-11e9-af55-e4434b16cb7a,5tF4j2R7iNOIFdmpmEsn3s,,,,,,,https://soundcloud.com/mikegudmann,mikegudmann,,,,,"spotify,soundcloud",
Lauge,11e81bc1-01af-85ee-b69a-a0369fe50396,72Syhg4FIEracKDa3yumQY,,,,,,,https://soundcloud.com/lauge-official,lauge-official,,,,,"spotify,soundcloud",
Josh Jacobson,11e81bca-4c84-3656-8b31-a0369fe50396,3KpCBwmIHMdBD3GzV1xNtE,,,,,,,https://soundcloud.com/joshjacobson,joshjacobson,,,,,"spotify,soundcloud",
Sukihana,0351fcf2-b805-11e8-b98f-525400009efb,3EJmmU8C3pk268dP7IbOt7,,,,,,,https://soundcloud.com/sukihana,sukihana,,,,,"spotify,soundcloud",
Olavi Uusivirta,11e81bd1-b762-297c-84a2-a0369fe50396,5LbUBFEG2qciScT9kwFqmV,,,,,,,https://soundcloud.com/olavi-uusivirta,olavi-uusivirta,,,,,"spotify,soundcloud",
James K,11e81bbb-5f3f-e63c-a145-a0369fe50396,25BObiRSDCMwVrBGIVaLIf,,,,,,,https://soundcloud.com/jamesk_1,jamesk_1,,,,,"spotify,soundcloud",
Oakland,11e83fe2-4ace-f09e-9d1a-a0369fe50396,6EYGGkM2JDpX5CjHpGkiME,,,,,,,https://soundcloud.com/oaklandaudio,oaklandaudio,,,,,"spotify,soundcloud",
Niviro,11e81bbc-ec48-a388-af1e-a0369fe50396,2nsCjA4fEasmnlOK0wXU7T,,,,,,,https://soundcloud.com/djniviro,djniviro,,,,,"spotify,soundcloud",
Anatolian,f2b5f93d-70eb-40a3-8b6f-fd5addfec5fa,61K9oFPNqhqZxxvl9fdzVN,,,,,,,https://soundcloud.com/anatoliansessions,anatoliansessions,,,,,"spotify,soundcloud",
Roland Mercier,11e83feb-5f53-35e4-94e2-aa1c026db3d8,6wCp7aiL9NQ8j2vl6BQAsa,,,,,,,https://soundcloud.com/roland-mercier,roland-mercier,,,,,"spotify,soundcloud",
Kaivon,11e83fea-53a8-25b6-8e1d-a0369fe50396,55FVjkpZs1zuo3zqBgrKtC,,,,,,,https://soundcloud.com/kaivonmusic,kaivonmusic,,,,,"spotify,soundcloud",
GopStop,847503ea-9553-4750-b16c-d1cea024bf08,38wBQ4eqkqzUwNcFx7lX5t,,,,,,,https://soundcloud.com/user-169657199,user-169657199,,,,,"spotify,soundcloud",
Silvia Blaser,2646592d-ac5e-4efa-93bf-d1a4c3d4bf7f,7M1gJy5ByDgPxqJvMYkioq,,,,,,,https://soundcloud.com/silvia-blaser-199617515,silvia-blaser-199617515,,,,,"spotify,soundcloud",
Alexandra Prince,11e81bd0-701a-5bc6-b443-a0369fe50396,3aw1KqQDAtevNW0nEJ2srg,,,,,,,https://soundcloud.com/alexandra-prince-official,alexandra-prince-official,,,,,"spotify,soundcloud",
Claydee,11e81bc2-443c-ad96-9d2d-a0369fe50396,2rcsCDLsJw6erBukvjEsrP,,,,,,,https://soundcloud.com/claydeeofficial,claydeeofficial,,,,,"spotify,soundcloud",
Akkoro,8dc74124-b4ad-4593-a777-361e119ae9d3,7oYEzKdDKAF7DjhsS4nEOt,,,,,,,https://soundcloud.com/akkoro,akkoro,,,,,"spotify,soundcloud",
Ajaxxcadel,ef5565fb-9f79-48ea-841f-ed8cf8547385,5gQWJjSix3UykF5WgaEv42,,,,,,,https://soundcloud.com/ajaxxcadelmusic,ajaxxcadelmusic,,,,,"spotify,soundcloud",
Kisane,5d697245-5534-4670-b987-00bca6db5830,58DEdEFdrIavjVMzUTiWlN,,,,,,,https://soundcloud.com/kisanekryto,kisanekryto,,,,,"spotify,soundcloud",
Saad El Soghayar,11e81bd1-f9e3-3caa-ab56-a0369fe50396,1fNhDktKNtf7g7COrlJguP,,,,,,,https://soundcloud.com/saad-work,saad-work,,,,,"spotify,soundcloud",
Maithili Thakur,60c76acc-1e73-11ea-8a7e-549f35161576,4l5GJirMP9yceDJOAqvuQY,,,,,,,https://soundcloud.com/maithilithakur,maithilithakur,,,,,"spotify,soundcloud",
S.A.M.,11e83fee-604b-c5da-bd45-aa1c026db3d8,4434osAFvB28p0YBv6jREZ,,,,,,,https://soundcloud.com/ainukesam,ainukesam,,,,,"spotify,soundcloud",
APHRO,17eff923-0206-4611-be4d-0ff245150131,01PZm56J8KOLP7nS8wwc5H,,,,,,,https://soundcloud.com/aphro-scmusic,aphro-scmusic,,,,,"spotify,soundcloud",
Tima Dee,11e81bcd-5e6c-43ba-a896-a0369fe50396,4pQIDKoWXRw04D9e37QzbP,,,,,,,https://soundcloud.com/tima_dee,tima_dee,,,,,"spotify,soundcloud",
Veracocha,11e81bbd-a4f7-dfb6-b0f9-a0369fe50396,1DT2WEMQmEJ3yRmTaqzrXd,,,,,,,https://soundcloud.com/veracocha-official,veracocha-official,,,,,"spotify,soundcloud",
Emily J,a3f79dc2-2625-11e9-b74a-00163ec5a2fb,7FxEy78P0oIVEVxdaL9npy,,,,,,,,,,,,,spotify,
Cleyton M,805d11ad-a187-40f6-a416-fe666184c8e6,,,,,,,,https://soundcloud.com/cleytonm-sc,cleytonm-sc,,,,,soundcloud,
Kelvyn Boy,11e83fed-8a9a-fac8-a36e-a0369fe50396,5Oq2X3BjCbFKPex2GVSDpy,,,,,,,https://soundcloud.com/kelvynboy,kelvynboy,,,,,"spotify,soundcloud",
Th Mark,436b69ea-87d5-11e9-9c74-801844edfa71,3ll1Oo6EwG4s6xrAapzUVm,,,,,,,https://soundcloud.com/thmark,thmark,,,,,"spotify,soundcloud",
B Martin,11e81bbd-21bf-82e8-ae2a-a0369fe50396,2qgqyyEyFPuw2KdlYmePgD,,,,,,,https://soundcloud.com/musicbymartinb,musicbymartinb,,,,,"spotify,soundcloud",
barnacle boi,11e83fec-a4b8-ef10-99dc-aa1c026db3d8,6psDObCnL4BfpwqYzE0Dzu,,,,,,,https://soundcloud.com/barnacleboimusic,barnacleboimusic,,,,,"spotify,soundcloud",
Hugh Masekela,11e81bbf-4d46-94fe-9dcd-a0369fe50396,1b3F5FI7TX4IWTNA4P1kWp,,,,,,,https://soundcloud.com/hugh-masekela,hugh-masekela,,,,,"spotify,soundcloud",
Richard Durand,11e81bbe-39d4-d288-b7be-a0369fe50396,7wne8sUhTAJdIsnuO4GjnR,,,,,,,https://soundcloud.com/richard-durand,richard-durand,,,,,"spotify,soundcloud",
Marc Mag√°n,7d160a1e-1e4e-11ea-81b2-549f35161576,66VG2mrV8hpXCAiPI5WYG6,,,,,,,,,,,,,spotify,
Justin Pollnik,7818e750-72f7-11e9-b232-e4434b16cb7a,4JHHc8FaPyhNBQV7HfKfYm,,,,,,,https://soundcloud.com/justinpollnikofficial,justinpollnikofficial,,,,,"spotify,soundcloud",
NATE08,ddbfbfa0-f342-11e8-8aef-00163ec5a2fb,2Ozq8aYmGgLiGdbpsW6KSl,,,,,,,https://soundcloud.com/nate08-scmusic,nate08-scmusic,,,,,"spotify,soundcloud",
Sinizter,11e86374-3686-3e0c-ae9e-a0369fe50396,5owshUGXR3vxuTQqfo28Q8,,,,,,,https://soundcloud.com/sinizterofficial,sinizterofficial,,,,,"spotify,soundcloud",
Dr Rude,11e81bcb-889e-f170-be76-a0369fe50396,5akubyqg9eYtnCtDEeJz2s,,,,,,,https://soundcloud.com/drrude,drrude,,,,,"spotify,soundcloud",
Kruelty,5c57bf4f-6968-4d02-be75-9ec4d17d4050,30sKm4Zacgq8mC0l7vNmuD,,,,,,,https://soundcloud.com/krueltyofficial,krueltyofficial,,,,,"spotify,soundcloud",
The Souljazz Orchestra,11e81bca-8c83-f1c4-a1fb-a0369fe50396,0MiCOT2cVYso39XSskiUUo,,,,,,,https://soundcloud.com/thesouljazzorchestra,thesouljazzorchestra,,,,,"spotify,soundcloud",
CRIM3S,11e81bc8-24a9-1dc4-96c7-a0369fe50396,1ARDx2oCR7sJEjbnHsbbRU,,,,,,,https://soundcloud.com/crim3s,crim3s,,,,,"spotify,soundcloud",
Fatback Band,11e81bcb-7bae-29ae-997b-a0369fe50396,6PWU6JQvvYv5sz5FOODHg6,,,,,,,https://soundcloud.com/fatbackband,fatbackband,,,,,"spotify,soundcloud",
Electro T√ºlay,11e83fe1-5a03-4930-a4c2-aa1c026db3d8,3nYlYKL8wcK4OertfuVsfl,,,,,,,,,,,,,spotify,
SILK,3973147e-0b70-11e9-8853-549f35161576,,,,,,,,https://soundcloud.com/silkmusicuk,silkmusicuk,,,,,soundcloud,
LoudN√¶ss,393093fd-3cce-4ae1-ab8d-5744c077756e,2bjzKs28cL5EVKB0xqUGuJ,,,,,,,,,,,,,spotify,
B Jones,11e83fe7-7030-64da-9f6b-a0369fe50396,5Z59lu7ApgQvSdntngRDkq,,,,,,,https://soundcloud.com/bjonesdj,bjonesdj,,,,,"spotify,soundcloud",
Whilk & Misky,11e83fe0-e87b-816a-82de-aa1c026db3d8,6m9a3tDNWDe6bVR2csIjEv,,,,,,,https://soundcloud.com/whilkandmisky,whilkandmisky,,,,,"spotify,soundcloud",
Adamski,11e81bc0-ac83-9f6a-b51d-a0369fe50396,737Z8bAmJiUqg2I6Ru8fYV,,,,,,,https://soundcloud.com/officialadamski,officialadamski,,,,,"spotify,soundcloud",
Mercurio,11e81bca-8d1b-eda8-8862-a0369fe50396,5A3jmdFMr6pd76VS5sblRV,,,,,,,https://soundcloud.com/mercurio-928776577,mercurio-928776577,,,,,"spotify,soundcloud",
Megastylez,11e81bd1-0c70-378e-b83d-a0369fe50396,45aid2ljdzWaaCDaP4UA0b,,,,,,,https://soundcloud.com/megastylez,megastylez,,,,,"spotify,soundcloud",
The Hrishi,d4b932b5-5521-447f-872c-7fad2ee70e4c,7z8KrZLb5N7aIyq9YQCCfx,,,,,,,https://soundcloud.com/thehrishi,thehrishi,,,,,"spotify,soundcloud",
Nolz,11e86328-ef52-ded2-90cf-a0369fe50396,6kudMw2A0xOBJHpW8VNaDA,,,,,,,https://soundcloud.com/djnolzalt,djnolzalt,,,,,"spotify,soundcloud",
Nolz,11e81bc0-735f-b908-909b-a0369fe50396,6kudMw2A0xOBJHpW8VNaDA,,,,,,,https://soundcloud.com/djnolzalt,djnolzalt,,,,,"spotify,soundcloud",
FLKN,7100de8a-1f75-4914-8e6c-a6f0874c8fc6,3OyQ9AeMFgwKFHUgBOISww,,,,,,,https://soundcloud.com/flkn-music,flkn-music,,,,,"spotify,soundcloud",
AJMW,11e81bd0-b69e-7ab4-a8a8-a0369fe50396,64StAk1W7veJKQ9x0rlE2R,,,,,,,https://soundcloud.com/ajmwsounds,ajmwsounds,,,,,"spotify,soundcloud",
Sweetaj Brar,ff039f1e-0305-11ea-b2f4-801844ee83a6,2B4azLEfuhlG2ykxCaQJWk,,,,,,,https://soundcloud.com/sweetajbrar-music,sweetajbrar-music,,,,,"spotify,soundcloud",
Lsdream,11e88ab4-ff01-940a-814c-c81f66c9b203,3Hrqjumb6WHg2aAUHJHLND,,,,,,,https://soundcloud.com/lsdream,lsdream,,,,,"spotify,soundcloud",
The Cavemen.,11e81bcc-aa2c-6bd2-882a-a0369fe50396,1cnBVQulaNSvbind6A0dVD,,,,,,,https://soundcloud.com/thecavemen-music,thecavemen-music,,,,,"spotify,soundcloud",
Mike Demero,9134ea00-d174-11e9-a743-801844ee83a6,,,,,,,,https://soundcloud.com/mikedemero,mikedemero,,,,,soundcloud,
Jabberwocky,11e81bc2-7754-ea86-b0ca-a0369fe50396,7xfdx6PiB50V9VWI4Mq70R,,,,,,,https://soundcloud.com/jbbrwck,jbbrwck,,,,,"spotify,soundcloud",
N3WPORT,534c7c2e-b7ff-11e8-b436-525400009efb,,,,,,,,https://soundcloud.com/n3wportmusic,n3wportmusic,,,,,soundcloud,
Cazulee,965e5ac2-f2a0-42bd-b1ad-be509b5960bc,4gLcUTaXzla4e589pCdf8q,,,,,,,https://soundcloud.com/cazulee,cazulee,,,,,"spotify,soundcloud",
Young Zerka,11e83fe7-266d-cb30-b945-aa1c026db3d8,2a6IKShigz9rPBWN0GWnjr,,,,,,,https://soundcloud.com/youngzerka,youngzerka,,,,,"spotify,soundcloud",
Benni Ola,06b1052e-8497-4fa0-9af6-a76ce50608db,4q90901wzb3GPqUBKuhoRg,,,,,,,https://soundcloud.com/benniola,benniola,,,,,"spotify,soundcloud",
Matway,8becc636-0558-4392-a812-0670c8a1a92d,5okL9oHMW5wof7D0x2hQLQ,,,,,,,https://soundcloud.com/matway_music,matway_music,,,,,"spotify,soundcloud",
Dj Sebb,11e81bc8-9361-388c-95d6-a0369fe50396,6tWA0KYYzAiQzgKzImRQGF,,,,,,,https://soundcloud.com/djsebbprod,djsebbprod,,,,,"spotify,soundcloud",
Weatherality,75a0c4d5-8d71-44f2-8e4e-74a43ef37428,0e068t7B3Ipmlq0TkNthxU,,,,,,,,,,,,,spotify,
Alex Guesta,11e81bbb-9db3-fed0-8cfb-a0369fe50396,1oXk9MOvrFIybs5GMosvh3,,,,,,,https://soundcloud.com/alexguesta,alexguesta,,,,,"spotify,soundcloud",
Marco Lys,11e81bbd-6e0d-808c-b05f-a0369fe50396,5WiohqjMNs7MtChjoHE9D1,,,,,,,https://soundcloud.com/marcolys,marcolys,,,,,"spotify,soundcloud",
The Mistrals,11e83fec-4e3a-a156-aa61-aa1c026db3d8,2PSdm3Fy1O6xpCRUM5EJjk,,,,,,,https://soundcloud.com/themistrals-music,themistrals-music,,,,,"spotify,soundcloud",
Pandrezz,11e81bca-f2c7-4166-8d57-a0369fe50396,65ZGdYSRT3Rmv6P7DN4XCC,,,,,,,https://soundcloud.com/pandrezz,pandrezz,,,,,"spotify,soundcloud",
Akira Kosemura,7d8f4a82-b8d8-11e8-8416-525400009efb,4n1lW38WKgyPEIZowQ3AND,,,,,,,https://soundcloud.com/akirakosemura,akirakosemura,,,,,"spotify,soundcloud",
The Immortals,11e81bbc-8f0b-3050-a9dc-a0369fe50396,7tQ2hjptlOD3PwpKuFbn0Q,,,,,,,https://soundcloud.com/the-immortals-official,the-immortals-official,,,,,"spotify,soundcloud",
2026-04-27 00:00:00,b4792c16-089b-4fff-9c74-e96aa9c88298,38YUXG9QnKWCSJZkbN0t8w,,,,,,,https://soundcloud.com/djpythonessentialmix2024,djpythonessentialmix2024,,,,,"spotify,soundcloud",
Markus,11e81bc2-579b-6cec-8f86-a0369fe50396,6OO0PboZcIWUWL7j2IyeoL,,,,,,,https://soundcloud.com/markusschulz,markusschulz,,,,,"spotify,soundcloud",
Denham Audio,11e81bc3-8ffe-7060-b3f8-a0369fe50396,2gyrzIEBDddx6GsW60DnW1,,,,,,,https://soundcloud.com/denhamaudio,denhamaudio,,,,,"spotify,soundcloud",
DJ Vel Bass,cf0c399f-cbff-4d25-896a-e7d359daf242,5FQ5uEdW8GP92yGpOKPENU,,,,,,,https://soundcloud.com/djvelbassmusic,djvelbassmusic,,,,,"spotify,soundcloud",
Iggy,11e81bbf-b5c7-0aae-83a6-a0369fe50396,0MDfMKBf1cV65pnQ1ZRm9O,,,,,,,https://soundcloud.com/iggyymusic,iggyymusic,,,,,"spotify,soundcloud",
Esperanza Spalding,11e81bc2-b153-236a-95f5-a0369fe50396,5bepW5vcdRzheNc0F8lHJ5,,,,,,,https://soundcloud.com/esperanza-spalding-official,esperanza-spalding-official,,,,,"spotify,soundcloud",
Unicorn On Ketamine,7877b692-1372-11ea-9dfd-e4434b2a4898,3NoAERCAeMG0EOGpbpdYLm,,,,,,,https://soundcloud.com/unicorn_on_ketamine,unicorn_on_ketamine,,,,,"spotify,soundcloud",
Grandmaster Flash,11e81bbb-7101-cf0c-81c1-a0369fe50396,1JfnADNz5yYEq3hrzlZHLk,,,,,,,https://soundcloud.com/grandmasterflashmusic,grandmasterflashmusic,,,,,"spotify,soundcloud",
Gospel Wills,3b466803-17f8-48f2-bed3-b7918b204749,41LRL6GwikpOFVPAcCBDGr,,,,,,,https://soundcloud.com/gospelwills,gospelwills,,,,,"spotify,soundcloud",
Urselle,11e81bbb-dc7c-6d82-995a-a0369fe50396,2BSOOFVatoOmhdtcN0k1cP,,,,,,,https://soundcloud.com/urselle,urselle,,,,,"spotify,soundcloud",
Grandaddy,11e81bd0-827f-d0ac-adfc-a0369fe50396,3W4xM5XYtUp4ifYYPVKVdk,,,,,,,https://soundcloud.com/grandaddy-1,grandaddy-1,,,,,"spotify,soundcloud",
Ballinciaga,2b022ef6-02b1-11e9-9a7b-549f35161576,7GgWpPrcNYH90st7I3nJtv,,,,,,,https://soundcloud.com/ballinciaga,ballinciaga,,,,,"spotify,soundcloud",
Glaceo,11e83fed-8f45-470e-9cc3-aa1c026db3d8,2FnjEL8SlmLe3YBFmPkV9N,,,,,,,https://soundcloud.com/glaceomusic,glaceomusic,,,,,"spotify,soundcloud",
THRDL!FE,11e83feb-f61e-d618-aed4-a0369fe50396,,,,,,,,https://soundcloud.com/thrdlife,thrdlife,,,,,soundcloud,
Andreea Flavia,8399e770-a532-496b-9501-34ef4dab643d,2Lv3VRT5DQaAFNEpKOHUz1,,,,,,,https://soundcloud.com/flavia-andreea-339750561,flavia-andreea-339750561,,,,,"spotify,soundcloud",
Nicon√©,f0181473-1afe-4fed-9d4c-67ad22914a14,7aoPEmDqTOwgUMm07WrObD,,,,,,,,,,,,,spotify,
Nicon√©,11e81bc8-9120-62aa-bce7-a0369fe50396,7aoPEmDqTOwgUMm07WrObD,,,,,,,,,,,,,spotify,
Luis Arturo,1bb97dcc-807a-4e12-b33d-8a949f6c553e,,,,,,,,https://soundcloud.com/luis-arturo-250291291,luis-arturo-250291291,,,,,soundcloud,
DJ TH PR,af855cdd-1863-4ee3-8212-e9fc038ed71e,6B3tFVc2vB9DHQKydDI92e,,,,,,,https://soundcloud.com/djthpr,djthpr,,,,,"spotify,soundcloud",
Stereo Lovers,11e81bd3-0ef8-6286-a5c1-a0369fe50396,2weQgeRFnIk3MXcWadk10U,,,,,,,https://soundcloud.com/stereolovers-music,stereolovers-music,,,,,"spotify,soundcloud",
WISEKIDS,ec89f4df-c684-4ba6-8c38-0ff174ea11f1,6OXzciYkZCsfLnechSnFR2,,,,,,,https://soundcloud.com/wisekids,wisekids,,,,,"spotify,soundcloud",
Matheo Lyon,cd3791ef-c931-4dab-8ac8-a5fc2904ee3e,5yBqlv8zkkzTmWN0TtjMf4,,,,,,,https://soundcloud.com/matheolyon,matheolyon,,,,,"spotify,soundcloud",
The KLF,11e81bc7-aa23-4df4-af12-a0369fe50396,6dYrdRlNZSKaVxYg5IrvCH,,,,,,,,,,,,,spotify,
Miguel Campbell,11e81bd2-1b2e-a3b8-9fae-a0369fe50396,4uZJDUKi3NXQsuMKP3rOeC,,,,,,,https://soundcloud.com/miguelcampbellofficial,miguelcampbellofficial,,,,,"spotify,soundcloud",
Gettomasa,11e81bcd-8985-805c-b88c-a0369fe50396,5sDIQrB2V7pRAdNM8dEc7g,,,,,,,https://soundcloud.com/gettomasa,gettomasa,,,,,"spotify,soundcloud",
Hafex,5d978e80-bad3-11e9-898d-549f35141000,1br3nylz7tCq82qiwd4j6d,,,,,,,https://soundcloud.com/hafexmusic,hafexmusic,,,,,"spotify,soundcloud",
Rocazino,11e81bd0-72db-07a2-956a-a0369fe50396,62ytrJr6FZ6W1boNI1Y0O3,,,,,,,https://soundcloud.com/rocazino,rocazino,,,,,"spotify,soundcloud",
Haruna Fields,ad66517a-6770-4d49-a288-c4623716471d,3hrpVisxCnVzRPdXg4K6EL,,,,,,,https://soundcloud.com/harunafields,harunafields,,,,,"spotify,soundcloud",
Susumu Yokota,11e83fee-827f-1aa8-ab24-a0369fe50396,3ND5NWoKzlelYDDyWqSQpQ,,,,,,,https://soundcloud.com/susumuyokotaofficial,susumuyokotaofficial,,,,,"spotify,soundcloud",
Naqua SA,b4e7c370-02d7-11ea-ba67-e4434b2a4898,4ZBGTuegA9imRSv755wQVe,,,,,,,https://soundcloud.com/naqua-sa,naqua-sa,,,,,"spotify,soundcloud",
Deep Chambal,151435e7-bc86-45a2-803c-53a68aaa2bd5,3urpfjeiggQzlhbXFylaB0,,,,,,,https://soundcloud.com/deepchambalog,deepchambalog,,,,,"spotify,soundcloud",
Skez,2a70b7f8-543e-11e9-818d-549f35141000,,,,,,,,https://soundcloud.com/djskez,djskez,,,,,soundcloud,
VYOLO,345d890e-d0fd-11e8-9688-549f35141000,31Ciwqrw6ELUdou13vxOUL,,,,,,,https://soundcloud.com/vyoloofficial,vyoloofficial,,,,,"spotify,soundcloud",
Blinkie,11e81bce-2755-7422-84bc-a0369fe50396,0nJcDqY6ox4kHB92AuRA8j,,,,,,,https://soundcloud.com/iamtheblinkie,iamtheblinkie,,,,,"spotify,soundcloud",
Stephan Bodzin,11e81bce-4709-1724-ac01-a0369fe50396,2nq2BeSbzExGAv3Y4HgUf7,,,,,,,,,,,,,spotify,
Forever the Sickest Kids,11e81bd2-7606-57a4-a7c6-a0369fe50396,,,,,,,,https://soundcloud.com/forever-the-sickest-kids,forever-the-sickest-kids,,,,,soundcloud,
Young Bombs,08e0b880-c65a-11e8-89fa-549f35141000,4LKB1IkCINDDjEX8iS7glI,,,,,,,https://soundcloud.com/youngbombs,youngbombs,,,,,"spotify,soundcloud",
Eric Kupper,11e81bbd-5039-c502-8530-a0369fe50396,2ATkDceAaeLUkxPnJPHGkz,,,,,,,https://soundcloud.com/erickupper,erickupper,,,,,"spotify,soundcloud",
Kaelin Ellis,11e81bbb-e810-f15e-8bee-a0369fe50396,0QalUUx2C9F1PGbfQVcHAd,,,,,,,https://soundcloud.com/kaelinellisog,kaelinellisog,,,,,"spotify,soundcloud",
ford.,11e83fea-e2e3-e1f2-b6de-aa1c026db3d8,7ItbAZITSFxSy5LJChXe18,,,,,,,https://soundcloud.com/ford,ford,,,,,"spotify,soundcloud",
sunflwr,09b3eea5-595e-4c4e-9ed2-701dc848d622,1vXY7FiXJPu6j456ZcrtIF,,,,,,,https://soundcloud.com/sunflwrmusic,sunflwrmusic,,,,,"spotify,soundcloud",
Hendra Fvnky,bf940751-f97a-49f6-acfc-2c1e684fc157,49Yt3jhBDdg84OmfNzFkA2,,,,,,,https://soundcloud.com/hendrafvnky-sc,hendrafvnky-sc,,,,,"spotify,soundcloud",
JUNO (DE),6c355bb0-13cd-4acc-8f8c-372fe6f8cf11,6H0Lbuc95DxzpDkKdwnYQ3,,,,,,,https://soundcloud.com/ju_nomusic,ju_nomusic,,,,,"spotify,soundcloud",
Nandipha808,321b4989-433e-40a4-affd-73e39a75ba97,3hw14sG4z2GSidk66In1eW,,,,,,,https://soundcloud.com/nandipha808,nandipha808,,,,,"spotify,soundcloud",
Aaron Cherof,11e81bbe-ca9c-8072-93f5-a0369fe50396,,,,,,,,https://soundcloud.com/aaroncherof,aaroncherof,,,,,soundcloud,
rigii,ba19c9d0-4445-4fbe-8715-999379c2f1c7,7mKI3t5igUWeoSgBNCdQIU,,,,,,,https://soundcloud.com/kwameke,kwameke,,,,,"spotify,soundcloud",
Jean-Philippe Massicot,11e81bc0-fd69-8926-8bd9-a0369fe50396,5R6fqkq8FNNE0kevuUUxoz,,,,,,,https://soundcloud.com/jeanphilippedj,jeanphilippedj,,,,,"spotify,soundcloud",
Hyper Potions,11e81bbb-de08-fd00-afc4-a0369fe50396,1KkjjsBwGqU2YjS9OIucZV,,,,,,,https://soundcloud.com/hyperpotions,hyperpotions,,,,,"spotify,soundcloud",
Foramina Nigra,75d0634a-8b93-4744-a72c-a568776409e9,60DvyJ9hOPSC7lBgeSMb2T,,,,,,,https://soundcloud.com/foraminanigra,foraminanigra,,,,,"spotify,soundcloud",
Anna Hamilton,730347d8-ff7a-11e8-9c71-549f35161576,5l81swbnEwWXCTQiEYmATF,,,,,,,https://soundcloud.com/anna-hamilton-182998842,anna-hamilton-182998842,,,,,"spotify,soundcloud",
Elias_EE,b4089f92-c526-409a-aac7-ea8cc13f2de6,4GlJKQWQt23bLjRnopVxcu,,,,,,,https://soundcloud.com/elias_ee,elias_ee,,,,,"spotify,soundcloud",
AKA AKA,11e81bcd-e0e2-e97a-a08a-a0369fe50396,64fjAjykuM8Oc3Bqup4g72,,,,,,,https://soundcloud.com/aka-aka,aka-aka,,,,,"spotify,soundcloud",
$wizzz,1dd61d5d-71be-427b-87cb-42b9f29de138,2O6ph9RDudyvAR4Gj6VDoE,,,,,,,https://soundcloud.com/swizzz,swizzz,,,,,"spotify,soundcloud",
LHAM SOMPHOL,aedba6db-27dd-4b87-8176-13c97cbc6ced,29WEdDwRTJhsJ0mWP3wWYR,,,,,,,,,,,,,spotify,
White Textures,9df05c8a-5d97-4f92-90d8-f6e5a077aef5,3po9omZSjr6BgIzdw2Wsjz,,,,,,,https://soundcloud.com/whitetextures,whitetextures,,,,,"spotify,soundcloud",
J Fado,3e85f104-c93d-11e8-bb37-549f35161576,4cy8rq83cl4eKpRWRK9hyM,,,,,,,https://soundcloud.com/jfado,jfado,,,,,"spotify,soundcloud",
Hyper Hamster,64a1882e-382f-4c2f-9d32-b50597c41841,2zEmE2fUy3FPemLS0WI5fM,,,,,,,https://soundcloud.com/hyperhamstermusic,hyperhamstermusic,,,,,"spotify,soundcloud",
Justus,c85ca65d-811b-4658-bde5-bd59c92cf9eb,0iPzFfhXb2ilEodYsMoUX4,,,,,,,https://soundcloud.com/justusmusicofficial,justusmusicofficial,,,,,"spotify,soundcloud",
Bucie,11e81bd0-54b0-f6c4-a011-a0369fe50396,7suaOI2AMM3ZqTa04oB8fG,,,,,,,https://soundcloud.com/bucie-official,bucie-official,,,,,"spotify,soundcloud",
Comet Blue,11e81bcd-bae1-a18a-9b46-a0369fe50396,27DGFhdWUeudNFbPJROkWF,,,,,,,https://soundcloud.com/cometblue,cometblue,,,,,"spotify,soundcloud",
B-Front,11e81bcd-c139-6360-9a7e-a0369fe50396,6Xhhpra0X0hpvC3yZaQ0Du,,,,,,,https://soundcloud.com/djbfront,djbfront,,,,,"spotify,soundcloud",
Wicker Whales,5e69d68b-b923-4bd7-a961-8d28cf0d6ac4,5uRVmIgosxKIgvH3YUMoou,,,,,,,https://soundcloud.com/wickerwhales,wickerwhales,,,,,"spotify,soundcloud",
Lady Du,7901bfb4-c24b-11e8-9941-525400009efb,1eQJUHJRurFXGd3j8i8W4x,,,,,,,https://soundcloud.com/ladydu-music,ladydu-music,,,,,"spotify,soundcloud",
DJ Yasmin,11e83feb-57f8-1d1e-a071-aa1c026db3d8,4ziXL8IhPh3fw3pif9gOhD,,,,,,,https://soundcloud.com/dj_yasmin,dj_yasmin,,,,,"spotify,soundcloud",
Shahul Mameed,11efc90f-40a3-4bcb-9048-2ebc47d0bdd6,3lOyfqZ4PFYdsDfqBEL7nH,,,,,,,https://soundcloud.com/shahul-hameed-186349254,shahul-hameed-186349254,,,,,"spotify,soundcloud",
Shapes,11e81bc3-4b04-ac5e-95d3-a0369fe50396,1bZ8OZoO6E3KRtXQrYVNaw,,,,,,,https://soundcloud.com/shapeshq,shapeshq,,,,,"spotify,soundcloud",
Lange,11e81bc2-2f94-9ef8-9c6b-a0369fe50396,0zgmzl8NLEOsqYNOQcSmAA,,,,,,,https://soundcloud.com/lange,lange,,,,,"spotify,soundcloud",
Everything Everything,11e81bbb-5a34-eb4c-9e80-a0369fe50396,1HOeqtP7tHkKNJNLzQ2tnr,,,,,,,https://soundcloud.com/everythingeverything,everythingeverything,,,,,"spotify,soundcloud",
BT,11e81bc8-332c-c72e-a9b2-a0369fe50396,,,,,,,,https://soundcloud.com/bt,bt,,,,,soundcloud,
BLVKSHP,c109786c-6c56-4602-bc25-13c39cf31b23,49SU4KDi7vYuSfqsylFe6g,,,,,,,,,,,,,spotify,
Lazarusman,11e81bba-c90c-024a-a08d-a0369fe50396,,,,,,,,https://soundcloud.com/lazarusman,lazarusman,,,,,soundcloud,
Lush,11e81bc7-bda2-0d20-812e-a0369fe50396,3ysp8GwsheDcBxP9q65lBg,,,,,,,https://soundcloud.com/lushrecs,lushrecs,,,,,"spotify,soundcloud",
Azari & III,11e81bbd-03f1-760e-8929-a0369fe50396,2DC2KJDKwTf5RGfuWCzAkc,,,,,,,https://soundcloud.com/azariandiii,azariandiii,,,,,"spotify,soundcloud",
Somnum Magnam,c9f35c9d-b3ce-44d9-a6e6-3302a3b355da,5onmIZ1MD3z0KeVQ1gd5IP,,,,,,,https://soundcloud.com/somnummagnam,somnummagnam,,,,,"spotify,soundcloud",
King Soundboi,db69901c-28c4-4fcc-afed-1f5fb5be709c,6mhJZ2dIPmUBVmzp0wKRom,,,,,,,https://soundcloud.com/soundboi-tv,soundboi-tv,,,,,"spotify,soundcloud",
Ollie Wride,0be01af2-c1ce-11e8-9f26-525400009efb,,,,,,,,https://soundcloud.com/olliewride,olliewride,,,,,soundcloud,
Delia,11e81bc8-aa8c-f2da-93cd-a0369fe50396,0BjRnUqiITQwjqGtTeoxUS,,,,,,,https://soundcloud.com/deliadiazcarstens,deliadiazcarstens,,,,,"spotify,soundcloud",
Hotel Pools,0ff65f28-b8f7-11e8-929d-525400009efb,5bQ1u5yLlL2WZv49doSgRz,,,,,,,https://soundcloud.com/hotelpoolsmusic,hotelpoolsmusic,,,,,"spotify,soundcloud",
Aexcit,11e83fec-0d7d-7ff8-82f8-a0369fe50396,2HpYCHV3bvQ71jmohAnBL8,,,,,,,https://soundcloud.com/aexcit,aexcit,,,,,"spotify,soundcloud",
Trungg I.U,8774cc6c-5d28-11e9-bb83-e4434b16cb7a,6Ue0BbbTOdBjcO4QZB5sio,,,,,,,https://soundcloud.com/trungg-ho,trungg-ho,,,,,"spotify,soundcloud",
Phuture Noize,11e81bd2-67bc-908c-8356-a0369fe50396,7AGSJihqYPhYy5QzMcwcQT,,,,,,,https://soundcloud.com/phuture-noize,phuture-noize,,,,,"spotify,soundcloud",
Vincent Rayn,e58c7285-770f-4bb9-a857-c7b03c8b1cda,3zWwvS0OdQwTploEQjT1VG,,,,,,,https://soundcloud.com/user-385511105,user-385511105,,,,,"spotify,soundcloud",
Envacity,0111af1a-d2ba-4037-8310-fcb22017618b,3iGC2HaEkc8iJFMTVYCigv,,,,,,,https://soundcloud.com/envacity30978,envacity30978,,,,,"spotify,soundcloud",
Aero Chord,11e81bbb-f38c-e2b8-af41-a0369fe50396,6lO3fSdhsdpeOcrbqAJsRU,,,,,,,https://soundcloud.com/aerochordmusic,aerochordmusic,,,,,"spotify,soundcloud",
Madhura Dhara Talluri,94cf1ef2-db0a-11e9-a2f4-549f35141000,6wrAB0HbjDGDXp0GdvqJqq,,,,,,,https://soundcloud.com/madhura-waitforit-talluri,madhura-waitforit-talluri,,,,,"spotify,soundcloud",
Thomas Oliver,11e81bc0-9832-c702-9c74-a0369fe50396,5ZwD9tfnJ04kM0qgPSMzgy,,,,,,,,,,,,,spotify,
Rakesh Sutradhar,12e86852-5771-11e9-a636-549f35141000,,,,,,,,https://soundcloud.com/rakesh-sutradhar,rakesh-sutradhar,,,,,soundcloud,
Los Padres,deb1d552-d55f-11e8-934c-525400009efb,4gpf8uG8pZZ5KNcE3OStsU,,,,,,,https://soundcloud.com/lospadresmusic,lospadresmusic,,,,,"spotify,soundcloud",
Mobi Dixon,11e83fe0-1926-f2dc-bc2d-a0369fe50396,5gVxephJtTx5uMF26ZVptW,,,,,,,https://soundcloud.com/mobidixon,mobidixon,,,,,"spotify,soundcloud",
Thomas Newson,11e81bbb-1cc3-1d38-a6ec-a0369fe50396,66MrdPDHTjnnMOTBmC81q5,,,,,,,https://soundcloud.com/thomasnewson,thomasnewson,,,,,"spotify,soundcloud",
Our Mirage,11e83fec-4663-6594-9f53-aa1c026db3d8,1QpYiCxy3p5Wz7HtomBqHU,,,,,,,https://soundcloud.com/ourmirage,ourmirage,,,,,"spotify,soundcloud",
STWO,11e81bcb-8be7-fde0-adbb-a0369fe50396,5WQxQAu4xmUwCzxPw3GiB4,,,,,,,https://soundcloud.com/stwosc,stwosc,,,,,"spotify,soundcloud",
Consoul Trainin,11e81bbc-8e2e-ef78-9cc7-a0369fe50396,3gyp3OwaUX6NfBy1sHvY8b,,,,,,,https://soundcloud.com/consoul_trainin,consoul_trainin,,,,,"spotify,soundcloud",
DJ Clock,11e81bc6-a9c1-61da-808b-a0369fe50396,,,,,,,,https://soundcloud.com/dj-clock-official,dj-clock-official,,,,,soundcloud,
Written by Wolves,11e81bbf-02be-753c-8010-a0369fe50396,1j55zNwCQ3jhbNsnmrOrwr,,,,,,,https://soundcloud.com/writtenbywolves,writtenbywolves,,,,,"spotify,soundcloud",
Semitoo,11e81bc3-eedf-186e-adda-a0369fe50396,4MWJBSx7ScBa5ETzTjdFvk,,,,,,,https://soundcloud.com/semitooofficial,semitooofficial,,,,,"spotify,soundcloud",
Dhanwin K B,d619264e-3c0e-41d3-8b44-8fd47b983a87,02JO25StRNoFFNmw3tfHxR,,,,,,,https://soundcloud.com/blackkray,blackkray,,,,,"spotify,soundcloud",
Vlinder Vos,82f3bc49-2334-4a6b-beb2-09013b5e4cf2,,,,,,,,https://soundcloud.com/vlindervos,vlindervos,,,,,soundcloud,
PSYQUI,11e81bc4-3864-a8c8-9dfe-a0369fe50396,3p8H8HTn04KXh2NRzhKScl,,,,,,,https://soundcloud.com/psyqui,psyqui,,,,,"spotify,soundcloud",
Cliff Kayden,1f6fc815-52b2-4a29-a78b-d814dc82aaa6,4MunDlTichtF1P0MiseovJ,,,,,,,https://soundcloud.com/cliffkayden,cliffkayden,,,,,"spotify,soundcloud",
Clinton,11e81bc2-435c-c4d8-a323-a0369fe50396,7okSU80WTrn4LXlyXYbX3P,,,,,,,https://soundcloud.com/clinton-715395937,clinton-715395937,,,,,"spotify,soundcloud",
NORRA,f5cadacc-83c8-4a8f-b612-417a836b35a8,41TOmzyp8cryPs7PXHKdb7,,,,,,,https://soundcloud.com/cantcloneem,cantcloneem,,,,,"spotify,soundcloud",
Claudio Souza Mattos,f4fd498e-97a3-11e9-b80c-549f35161576,4iw9h6vEM5MdeIhu3ziMDp,,,,,,,https://soundcloud.com/claudiosouzamattos-music,claudiosouzamattos-music,,,,,"spotify,soundcloud",
Bat for Lashes,11e81bd0-7e59-e1d4-a05a-a0369fe50396,6l77PmL5iuEEcYjGl8K6s7,,,,,,,https://soundcloud.com/batforlashes,batforlashes,,,,,"spotify,soundcloud",
The Poets of Rhythm,11e81bca-6033-18f2-8908-a0369fe50396,1i4iT0Sw4OUeMp7egnsbxR,,,,,,,https://soundcloud.com/thepoetsofrhythm,thepoetsofrhythm,,,,,"spotify,soundcloud",
Jocelyn Enriquez,11e81bcd-7c52-7aa2-89da-a0369fe50396,5hgxMFtaWAhh6LDHdVBZLB,,,,,,,https://soundcloud.com/jocelynenriquez,jocelynenriquez,,,,,"spotify,soundcloud",
Peachy Pete,903f4cc1-5d6d-4510-a021-b05e50f1bd82,0bsZ7TPFHa56cscyXwqfER,,,,,,,https://soundcloud.com/peachy-pete,peachy-pete,,,,,"spotify,soundcloud",
JOAN,11e81bbe-866e-5bc8-9f7c-a0369fe50396,1EevBGfUh3RSQSGpluxgBm,,,,,,,https://soundcloud.com/songsbyjoan,songsbyjoan,,,,,"spotify,soundcloud",
BELCAST,fe7478f8-4cce-422a-8995-5fcfae3d5d27,4fSRUQ3o9t33hv8MFyGo7Z,,,,,,,https://soundcloud.com/belcast-music,belcast-music,,,,,"spotify,soundcloud",
MODULATE,fe194d27-cb8d-4ad3-91c6-351939ae1bd8,6pvXzTkaj4xCVGxVkhM8Wb,,,,,,,https://soundcloud.com/modulate_am,modulate_am,,,,,"spotify,soundcloud",
Kafu,830ac2b3-9e36-47c2-97ce-c0355559a788,5RLb16s3zfrdWdRF0l7xij,,,,,,,https://soundcloud.com/de-tros,de-tros,,,,,"spotify,soundcloud",
Jake Reese,11e81bc7-6a7c-50b0-8875-a0369fe50396,0eBOZ74PcpQb3SisNPgaRQ,,,,,,,https://soundcloud.com/jake-reese-13064264,jake-reese-13064264,,,,,"spotify,soundcloud",
The Tamperer,dac45e58-b8de-11e8-843a-525400009efb,1hK5unnJvXQcBMO25YxOFZ,,,,,,,https://soundcloud.com/the-tamperer,the-tamperer,,,,,"spotify,soundcloud",
Leclaire.,2bde8e9d-1fc0-4c44-a3bf-092b53e51389,0GCEX4wLfocWzgYQ47zOq6,,,,,,,https://soundcloud.com/leclaire-music,leclaire-music,,,,,"spotify,soundcloud",
Far Out,11e81bd2-2f7e-b4d4-b173-a0369fe50396,7aB2KbM3pphL9mU3dXbyh2,,,,,,,https://soundcloud.com/faroutofficial,faroutofficial,,,,,"spotify,soundcloud",
Ahee,11e83fe7-f0f2-6186-a5c0-aa1c026db3d8,1gbDc1TANALgP8lLvO5UEf,,,,,,,https://soundcloud.com/ahee,ahee,,,,,"spotify,soundcloud",
Jethro Heston,11e83feb-a7c0-099c-866f-a0369fe50396,1Qj4wPnd5DKW7TXALK7Xfj,,,,,,,https://soundcloud.com/jethroheston,jethroheston,,,,,"spotify,soundcloud",
Bullet Raja,c1c61264-0097-11ea-9055-549f35141000,2Jn2ue4txA11v0XjfYKrSM,,,,,,,https://soundcloud.com/ilyas-khan-bullet-raja,ilyas-khan-bullet-raja,,,,,"spotify,soundcloud",
Marsolo,a5790eaf-e8ed-4c69-aab4-77eed0213ca5,19KqOfazpv8bU6RrVJpLcV,,,,,,,https://soundcloud.com/marsolomusic,marsolomusic,,,,,"spotify,soundcloud",
Argento Dust,11e83fe8-4f84-3f4e-8684-aa1c026db3d8,4k5ekCq3lqokDeY3JifNjt,,,,,,,https://soundcloud.com/argentodust,argentodust,,,,,"spotify,soundcloud",
BoofPaxkMooky,b2cd2b8e-0aa3-11e9-a55d-549f35161576,2BMq835Yir366yDKvW3Rcv,,,,,,,https://soundcloud.com/boofpaxkmooky,boofpaxkmooky,,,,,"spotify,soundcloud",
Halpe,11e81bc3-0d66-e542-9d6b-a0369fe50396,5fUaIEaRhzIad7C49MqTsy,,,,,,,https://soundcloud.com/halpehalpe,halpehalpe,,,,,"spotify,soundcloud",
Moon Boots,11e81bc7-9936-54fa-a75b-a0369fe50396,3cIXmCH7iNcslTbwrwS7zy,,,,,,,https://soundcloud.com/moonbootsmusic,moonbootsmusic,,,,,"spotify,soundcloud",
HIGHTKK,bc6b7c71-a3ba-4493-b9b8-c0ccc90a9440,6mhIOdvLrtQUlrACSqY3Yr,,,,,,,https://soundcloud.com/hardtekkyoutube,hardtekkyoutube,,,,,"spotify,soundcloud",
Ghetto Boy,11e81bc7-4808-8922-aa53-a0369fe50396,5gztxlbwQ2Gamz2hWaNIrA,,,,,,,https://soundcloud.com/user-100786317,user-100786317,,,,,"spotify,soundcloud",
