artist_name,soundcharts_uuid
Halacg,46924ff0-b8d0-11e8-9382-525400009efb
Haviah Mighty,63ae57a8-c183-11e8-aaf5-525400009efb
DEN»≤,b39c6101-7ccc-4704-a031-a869e53648b0
Noga Erez,11e81bca-f1a3-0176-9947-a0369fe50396
Awich,11e81bc8-cce5-e40e-ad29-a0369fe50396
Mila J,11e81bbb-0d99-efa8-bfdc-a0369fe50396
Yade Lauren,11e81bc3-09b1-118e-9cb8-a0369fe50396
Samantha Machado,4ca551c6-b8df-11e8-a2a2-525400009efb
Domiziana,00121693-e5bb-4fab-b6b3-f6031cae4176
Chilla,11e81bc2-3542-fd22-86b4-a0369fe50396
Kat Dahlia,11e81bc9-2f8b-db5e-96dd-a0369fe50396
Mallrat,11e81bc3-0e91-2b26-8d93-a0369fe50396
kouth,bcad8796-5595-11ea-a1c9-549f35161576
Illest Morena,d448433b-bf2b-414b-ad27-46e9de72eec1
RIELL,7db752c8-c5fa-11e8-b412-549f35141000
C√âLINE,6ceff982-4eb5-11ea-80ce-e4434b2a4898
Shanice,11e81bbe-aef3-6b06-89af-a0369fe50396
Foxy Brown,11e81bbf-0bb2-114e-8b44-a0369fe50396
badm√≥mzjay,1f247646-165d-11ea-9670-801844ee83a6
Brodie,11e81bc1-7761-5b28-b29a-a0369fe50396
Tabitha,11e81bcb-3fd8-d596-bbc2-a0369fe50396
Emil√≠ana Torrini,11e81bc1-2db4-cfdc-9da3-a0369fe50396
Carolesdaughter,bc6fe122-88e0-4570-9f7b-55787fb6df31
Zo√´ Tauran,6329a18f-e823-4745-93fc-853ca4ce9136
Martina Topley-Bird,20b4e8ea-b8e1-11e8-8715-525400009efb
Sandra Echeverria,11e81bd1-722f-5898-997b-a0369fe50396
Absolutely,11e81bcc-7cae-3d8e-93b7-a0369fe50396
Laila!,9788600d-a403-49e6-b5d9-35b5af74a1fd
Kayla Nicole,3eee3114-83e2-11e9-be02-549f35161576
Chevy,4c5b98bc-c1c0-11e8-9fc9-525400009efb
Sheryfa Luna,11e81bd0-e665-d382-b3d1-a0369fe50396
Michaela R√≥zsa R≈Ø≈æiƒçkov√°,e041ad04-ff5f-11e9-8e4d-549f35141000
Mia Boyka,679fd24c-c3e9-11e9-a2f1-549f35161576
Dany Calvario,11e83fe3-be76-a48c-b7de-aa1c026db3d8
Liana Malva,fcce2042-4bf0-11e9-9d77-e4434b2a489b
Shay,ab148438-71bd-11e9-a4f3-00163ec5a2fb
La Zowi,11e81bce-55ad-c702-89fe-a0369fe50396
Fagata,ffde7630-5d6d-408e-8de0-39cd9b77fc26
Chloe x Halle,11e81bbe-0592-cc8c-a8b8-a0369fe50396
JGrrey,11e83fe9-654f-e566-9a0a-a0369fe50396
Samara Cyn,c7158dce-0661-11ea-8762-549f35141000
Instasamka,aa78da28-7ef7-11e9-acdb-549f35161576
Kenza Farah,11e81bc9-78f1-b8fe-a3fd-a0369fe50396
Shells,11e81bce-c96b-8792-bb7f-a0369fe50396
Jolle,30578162-c238-11e8-b26f-525400009efb
B√≠ch Ph∆∞∆°ng,11e83fe1-0df6-4920-a01f-aa1c026db3d8
Metrika,5e3ebf8e-e72d-4659-b5c5-daaeb70ea5d4
Manal,11e81bd2-ab8d-62be-ade7-a0369fe50396
l0rna,acdf5cb1-07e7-4550-bc3b-b4d78a1d1de3
Zae,8800c010-ed7b-4da4-82d9-44e22abbe041
Trina,11e81bc9-5c6c-31b4-8f73-a0369fe50396
Miri Ben-Ari,aa88dc68-b8e9-11e8-b1a1-525400009efb
Lady Kash,11e81bcd-ac1c-34d0-b73f-a0369fe50396
Sarah Guedes,bb603cdd-7748-45c5-9dcf-b49650b5df50
Milly,11e83fe1-f5a7-a55c-bb19-aa1c026db3d8
K. Michelle,11e81bcb-7a84-cb1e-8ea6-a0369fe50396
Joseline Hernandez,11e81bc8-20cc-8a38-9d36-a0369fe50396
Lil Hero,9e503fe3-d3c1-49d9-865a-2cd8b114b716
Jorjiana,8beb8155-7251-4abd-8095-316c4afd5084
Ph√°o,a0cd617b-1b58-47d7-8e52-6eba6c6f5656
Mori Calliope,d371e46a-bf53-4243-a2c1-70c9aae94744
Dess Dior,835cb89c-5de1-11e9-9e03-549f35141000
VAGUE003,11e83fe5-7b9a-58dc-aacc-aa1c026db3d8
DEAD BLONDE,34cc716a-4fd3-11ea-95bc-549f35161576
Baby K,11e81bd2-7c10-88fe-b025-a0369fe50396
Josef Bratan,4a713b32-6029-4e8b-bf50-83354d1eda69
SkyDxddy,6c896ff6-d809-11e8-8d99-549f35141000
ELIF,b13bd003-16e6-448c-8a52-1334e4ca60e8
PLAYAMANE,0d0ccefe-87ca-4876-a97c-c9c1023fd510
Stunna Girl,2295986e-b8f8-11e8-922f-525400009efb
Wonderframe,11e83fed-8ca7-4cfe-80aa-a0369fe50396
$hyfromdatre,37e20dc6-daf9-49f2-8061-6d9aa7e7813a
La Insuperable,11e83fe0-da1b-604a-bd62-aa1c026db3d8
SAMIRA,6f6d95a1-322a-43e0-b28f-c07c132d2517
Carla Jeffery,5eeee8dc-2e78-11ea-9a41-549f35141000
Tkay Maidza,11e81bc0-4db5-3048-bc59-a0369fe50396
Lil Mama,11e81bbb-b1ad-f210-b94b-a0369fe50396
Nath,753a0f52-e52e-11e8-9ae6-549f35161576
Rapsody,11e81bc3-9c3e-dda6-b157-a0369fe50396
Qveen Herby,11e81bc2-d636-09e0-bebc-a0369fe50396
Kreayshawn,11e81bc7-b714-7718-aad9-a0369fe50396
Babyxsosa,61d5bc0e-23df-11ea-b7f9-801844ee83a6
Dreezy,11e81bbf-e633-7966-9e51-a0369fe50396
AYDEED,98d47fbb-91de-4d15-a2c0-7a231271dae8
the buttress,11e83fe3-1812-127a-b913-a0369fe50396
Saramalacara,a4ade0c0-bf2f-11e9-a92b-e4434b2a4898
bludnymph,e68ce0d4-3285-4e89-ba10-4a152d6e92b3
Lyna Mahyem,11e83fe6-b7d6-d81a-ace3-aa1c026db3d8
Polly Carter,de3f5762-bc13-4bd8-a61f-ab767c65d1c2
Queen Key,11e83fe9-d419-37c2-ab89-aa1c026db3d8
Uffie,11e81bce-e484-dbc8-a402-a0369fe50396
KenTheMan,11e83fec-12ed-a846-8c71-a0369fe50396
Erica Banks,b5f21400-0aa3-11e9-bc55-549f35161576
Emily,c7dde78c-e1ff-11e9-ae5d-549f35161576
Lucian,11e81bca-291c-f676-b6d9-a0369fe50396
Tweet,11e81bc0-9583-69ee-a0ad-a0369fe50396
Peaches,11e81bd1-0db4-5efe-b9d6-a0369fe50396
Nosgov,951b93b6-bb86-11e9-a2fb-549f35141000
John Glacier,11e88aa6-465d-7f94-8211-c81f66c9b203
Flyana Boss,91a38562-f62e-11e9-8a45-549f35161576
Lil Suzy,11e81bbc-e5d9-a57e-84de-a0369fe50396
Dina Ayada,4d7950a8-cf17-11e9-8a59-801844edfa71
Kamaiyah,11e81bbe-8cd2-0db6-99e6-a0369fe50396
Tuli,11e83fe2-1288-fbee-9558-aa1c026db3d8
Die P,c083a1da-f58c-11e8-906a-549f35161576
Alison Limerick,11e81bbc-c478-d6a2-a3d7-a0369fe50396
Dee MC,fb9c3c88-d254-11e8-840f-549f35141000
Anna Cathcart,aef5d568-a316-11e9-a989-e4434b2a4898
KiNG MALA,3dd4feda-f7f4-11e9-b020-549f35161576
Sampa the Great,11e81bd0-e4e2-1048-8c22-a0369fe50396
Bahamadia,11e81bcd-110e-5928-b463-a0369fe50396
Banshee,9c058930-f520-4ab7-be60-de55b1a970da
Sigourney K,11e83fe9-7e11-f7f6-8241-aa1c026db3d8
Kolera,11e81bbb-195a-3992-bec7-a0369fe50396
Mushkaa,da7fad30-6617-4e32-8934-62b99d31ff37
alyona alyona,1b232682-efd0-11e8-987f-549f35161576
Nindy Kaur,11e81bc8-ca70-bd48-8280-a0369fe50396
Nesi,11e83fe4-018b-6564-b8f4-a0369fe50396
Sha Sha,11e8ab2c-4a75-f344-9c1f-525400009efb
Da Brat,11e81bbe-037c-45fe-bc61-a0369fe50396
Kash Doll,11e81bbd-5b10-51d0-aa75-a0369fe50396
Rozalla,11e81bc9-c56a-1b68-afc1-a0369fe50396
Lola Brooke,11e83fee-0a1b-29d0-97e6-aa1c026db3d8
Doda,11e81bbf-a3db-9c92-a8ec-a0369fe50396
Cici,11e81bd1-4cd5-ef8a-8b92-a0369fe50396
Faye Ë©πÈõØÂ©∑,11e81bcc-cd40-ebca-a1b5-a0369fe50396
Noname,11e81bc7-79b4-04ec-890c-a0369fe50396
Yara,11e83fe0-964c-3b14-b7be-a0369fe50396
Beth Gibbons,11e81bbc-5bfd-0eea-975f-a0369fe50396
Juicy BAE,15307ef8-c642-11e8-afd6-549f35141000
Amari,cf973b0d-3061-43f4-9f01-23b65448e197
Alies,a83a5474-8e8d-463c-aa9c-c1ae2eba916d
Ms Banks,11e81bc1-0678-eca0-ad16-a0369fe50396
Anike,11e81bc0-18f5-77dc-bfbc-a0369fe50396
Nivea,11e81bc3-aeaa-a7ae-b463-a0369fe50396
Elohim,11e81bc0-53f3-abc4-bfb4-a0369fe50396
Yarea,4f9be678-49bc-11ea-aafe-801844ee83a6
Irepelusa,db8f3b42-67c9-11e9-abcc-801844edfa71
Stunna Sandy,922f26f5-aa1a-45fb-89d8-9fa05e8f2a67
Alexia,b180a324-88b3-490e-8c5c-bf7f2d0bad08
Ayzha Nyree,b75f8742-15a6-11e9-8f92-00163ec5a2fb
ALT BLK ERA,e67818f0-f02a-424b-9919-33641843cbfb
Denden,cb95c87f-5d4b-4c3e-a386-ea02603a615c
Debbie Deb,11e81bbd-866b-d836-aacc-a0369fe50396
Juy√®,11e83fec-268b-9bce-bb65-aa1c026db3d8
Miraa May,11e81bbd-2282-b0c4-b0e9-a0369fe50396
Schwesta Ewa,11e81bc3-e804-8b78-ae47-a0369fe50396
Kaka Azraff,11e83fe1-8714-179c-9be7-aa1c026db3d8
STAR BANDZ,dc72fbcd-3359-4fc3-96aa-02fe066e650f
Katja Krasavice,11e83fed-77d9-37ec-a7fe-aa1c026db3d8
Leys,3a4e2062-2f7b-11e9-88c4-549f35141000
KARRAHBOOO,bac9a8d0-aafa-44ed-9575-496ef2f97f61
Rockell,11e81bbc-69bb-2f30-a574-a0369fe50396
–ú–≠–ô–ë–ò –ë–≠–ô–ë–ò,11e81bc7-10a9-d396-8255-a0369fe50396
Numidia,11e81bbb-e082-2ed0-a4ba-a0369fe50396
Truth Hurts,11e81bcc-96cc-13bc-a0f4-a0369fe50396
Nessi,11e81bbd-2b4d-7374-be6c-a0369fe50396
Anycia,cd3f003d-1276-463c-8239-98452347f9e0
Taylour Paige,c87367e7-5119-42c6-9a91-669b95089b44
Laeti,c175494e-a24b-42c0-a203-8f7357eb34f5
Chloe Flower,11e81bc4-24a5-56fc-8669-a0369fe50396
Sophie Hunter,d2fcb344-82a9-4813-bf39-e9cc6f433cae
Cookiee Kawaii,7d54594a-6927-11e9-932b-549f35141000
Lil Kayla,bbed55e0-c331-11e8-8c05-525400009efb
Kath,26283f94-c67d-11e8-a0f9-549f35161576
Paula DeAnda,11e81bca-2d49-2990-b826-a0369fe50396
Lianna,11e81bc1-4dd7-5992-b82d-a0369fe50396
AGNEZ MO,11e81bc1-c614-6648-9a84-a0369fe50396
Tessa,99da08ee-97e4-11e9-8f8d-801844edfa71
Nenny,75728174-423b-11e9-8965-549f35141000
Milky,11e81bbd-fa34-9ed8-9ece-a0369fe50396
Etta,11e83fea-3960-c4f6-8cd6-a0369fe50396
BESS,11e83fea-bc4a-2c86-8700-aa1c026db3d8
Gugu Mbatha-Raw,11e81bc7-3bd6-b55c-a641-a0369fe50396
Whipped Cream,11e81bbd-38ef-ec3c-80b7-a0369fe50396
ADORA,ce75f732-466e-402a-83b5-f4f4c1b2d99f
La Zarra,b8845e21-021e-4344-984d-1d535d723b5f
Tatarka,11e83fea-2204-737a-ad8a-aa1c026db3d8
Layla,11e81bba-de36-1c5a-aebd-a0369fe50396
Dominika Mirgova,11e81bd0-f965-7dc0-992c-a0369fe50396
Big Freedia,11e81bc8-9480-91e0-bb9c-a0369fe50396
Chy Cartier,c04b7242-880a-4f9d-a17d-89ee1dbdebb2
ISSBROKIE,2be5560b-e987-49cb-8084-2b051e2c7ce7
Jupiluxe,8f539480-d347-40b9-9708-5a7965ef9575
Abreu,11e83fed-671b-24c4-9d63-a0369fe50396
Lous and The Yakuza,98766a78-da84-11e9-9742-549f35141000
Cortisa Star,d6f2abc3-1a9d-4ae6-ac92-fd8a5f440375
Gabylonia,11e81bc8-17bb-00e6-b240-a0369fe50396
Sukihana,0351fcf2-b805-11e8-b98f-525400009efb
PiNKII,b5fbe0a2-0aa3-11e9-bb76-549f35161576
Lucie Cravero,8620e9a3-4297-4ddc-ae62-7afd87361835
Ojerime,11e83fe5-597c-c1ea-998b-a0369fe50396
Florentina,8165b10e-427c-11e9-ad54-549f35141000
9m88,ecc17a50-c7e8-11e8-9cf9-549f35161576
FendiDa Rappa,087b6497-4cec-4218-aff6-627dfa836a61
Olivia Rose,dd6044d8-d102-11e8-aba6-549f35161576
Lourdiz,6d1f6872-b2ba-11e8-be47-525400009efb
Delia,11e81bc8-aa8c-f2da-93cd-a0369fe50396
Navz-47,80e1e068-f538-11e8-bfc4-549f35161576
Jocelyn Enriquez,11e81bcd-7c52-7aa2-89da-a0369fe50396
Jessica Rothe,11e81bbd-1294-9920-8962-a0369fe50396
Sima,11e83fe1-510e-cde0-9b70-aa1c026db3d8
Suran,11e83fe5-f6c9-891a-89d4-a0369fe50396
AMI,11e81bba-c4d2-67be-b3b9-a0369fe50396
Jasmine Ren√©e Thomas,5ef2c1a0-2e78-11ea-9905-549f35141000
Emilia McCarthy,5ef0df02-2e78-11ea-819e-549f35141000
Nura,11e81bcb-5d39-3888-bc87-a0369fe50396
Melii,11e83fed-39de-b48a-a22a-a0369fe50396
FI–áNKA,2ba7af9e-23f2-11ea-bb2f-801844edfa71
Analy,11e81bc1-4fab-3702-9e02-a0369fe50396
Ness,11e81bd2-8f5b-2a22-8331-a0369fe50396
Josey,11e83fe6-7f54-5f4e-9cc1-a0369fe50396
Nai Barghouti,11e83feb-7416-64c4-a2c6-a0369fe50396
–ö–∞–∂–∞–Ω–Ω–∞,176196d4-b52f-4126-87fb-26a08fd0a4a7
Soaky Siren,59f9e9ee-c498-11e8-b83d-525400009efb
Ledbyher,03b83596-3926-11ea-936e-549f35161576
Marino,11e83fe2-a35c-5116-a1d7-a0369fe50396
Sally Sossa,6f74a48a-20a5-11e9-baff-549f35141000
DaChoyce,d9e17857-7847-4812-81df-451a430fe30b
Kodie Shane,11e81bba-6c10-9286-a4c8-a0369fe50396
Dascha Polanco,347a1dda-2584-472f-b0e5-37c6d50fb58c
Hollyn,11e81bc7-7692-1556-af97-a0369fe50396
berryblue,8bbd02b8-9af1-4a12-aad5-89e3ce9aad04
Sabrina,11e81bbb-c4da-0e14-bf87-a0369fe50396
Leikeli47,11e81bc2-208f-eb42-a6e7-a0369fe50396
Nana Fofie,e025170a-8441-4fe1-8151-be32401a7c5f
Tay Money,11e81bbb-5d45-39d6-b997-a0369fe50396
Baby B3ns,6a1ed7e1-c932-4427-bb8a-cdbf7bcca852
Wendy Shay,11e8ac5e-bfef-c0d6-83cd-525400009efb
Lakeyah,242f37e2-1748-4925-a9ec-b7a24fac861d
Lexa Gates,1dd5a57e-4a6c-11ea-9b4e-e4434b16cb78
Fiona Palomo,5054f13d-cc3b-44fc-81e8-0ea1cfdb0c32
Ky akasha,d3c3c6fa-f177-4009-979d-8c12a36472a2
Daniela Rathana,7e11e83c-f6aa-11e9-93be-549f35141000
AG,f9cd0ef8-c653-11e8-9972-525400009efb
Brooke Candy,11e81bbd-0145-62ee-b33a-a0369fe50396
Dilla,2af70882-c260-11e8-a52b-525400009efb
Starrah,11e81bbf-670d-2b82-9d68-a0369fe50396
Bunga,11e81bc9-7833-a670-a128-a0369fe50396
MC Lyte,11e81bcb-13d2-09cc-b5f3-a0369fe50396
Ramengvrl,11e81bbb-ac6c-b53e-aa96-a0369fe50396
Lil Mariko,c29f2038-232c-11ea-b8a7-e4434b16cb78
Sybil,11e81bcd-187b-f4c2-b898-a0369fe50396
brazy,d04c2653-a278-42bf-934e-73779e9032a3
Ginger,11e81bbb-9a5a-f46e-bb87-a0369fe50396
Chrissy,11e81bd1-4924-bc4a-835a-a0369fe50396
Tina,11e81bc2-65bb-eb8a-878b-a0369fe50396
n√¢n,04238136-d255-11e8-a3a7-549f35161576
Dr√©ya Mac,0f2e0e02-9a20-4019-afad-6799073a3db2
Marseaux,50bbc53c-0066-11e9-a1d4-00163ec5a2fb
Elle Teresa,11e81bca-606c-2a8e-943f-a0369fe50396
Liu Grace,e203347e-4046-42c7-bdd7-73eca6fca5b0
Katy B Diamond,85dc8179-aaf1-4706-b72e-4edec3158ed1
JANE HANDCOCK,11e83fe6-b517-5028-a57d-aa1c026db3d8
Indiara Sfair,f332fb2e-c640-11e8-a570-549f35161576
Xana,9c30472b-c113-4371-ae07-ce3505459328
Chadia,11e85918-ed3b-400e-b7b9-aa1c026db3d8
chriseanrock,c5ec507b-dee8-44b0-a24c-4983f13c7973
Icandy,978c55e3-9468-4c06-aa99-bab1b81761a3
R.A.E,bbe8d71a-4bec-11e9-bb67-e4434b2a489b
tg.blk,24769ecb-8c12-480e-af56-12ac94daae14
Minttu,f33d4c7b-4245-4124-8665-789c7be0939b
iLe,11e81bbd-0465-2a2c-9d27-a0369fe50396
DZIARMA,fbc81d2c-b8ea-11e8-ad59-525400009efb
Cheeze,11e81bd1-a37b-adf2-bf44-a0369fe50396
Lil' Mo,35651134-b8dc-11e8-8d3d-525400009efb
JACE,7c27cc6e-3682-11e9-8458-549f35161576
Brenda K. Starr,11e81bcc-f80c-4994-b98d-a0369fe50396
Jaya,11e81bc7-8d3c-8e80-a5db-a0369fe50396
Yusei,7394963a-f092-11e8-a575-549f35161576
K Carbon,80f44498-9598-4fb9-8d2c-fb4cce14b811
Liv.e,11e83fec-76d8-0900-ab36-aa1c026db3d8
ScarLip,d4ec4f90-33da-11ea-9c82-549f35161576
Gina G,11e81bc8-40c6-cdbc-b41e-a0369fe50396
Keny Arkana,11e81bbe-edb5-71a4-990b-a0369fe50396
Natalie,6703870a-c1c6-11e8-8471-525400009efb
Elusin,a4b6e799-6025-427f-8788-e2078e2636b8
Julissa,11e81bc9-447d-9e8a-bb39-a0369fe50396
Latifah,11e83fe9-e89f-4448-868c-aa1c026db3d8
Lily Honigberg,5f83684f-1789-4057-8a82-56cbaeb95050
VickeeLo,42d1feea-c63d-11e8-b7e8-549f35141000
Asena,3b714e30-a26d-4833-b6ce-b9081e89912f
Zizzi,65f6f0c6-3a08-44d0-87a5-2aaae94b0ddd
Jackie Hill Perry,11e81bc9-2d21-e868-82ba-a0369fe50396
Sole,11e81bcb-00bc-e3fc-8b84-a0369fe50396
Linh C√°o,d70d0e8c-c3c3-11e8-aa3c-525400009efb
Katie Noel,a2368cbe-b8cf-11e8-a631-525400009efb
Space X,2e080816-ad14-44ee-8737-c58d5a764a45
EMM,11e81bbd-3628-2e7e-9a50-a0369fe50396
Sofy,3fe1b904-f483-11e8-bd1d-549f35141000
Eli Preiss,c8997b00-c482-11e8-b057-525400009efb
–ø—Ä–æ—Å—Ç–æ –õ–µ—Ä–∞,4affcc7f-142d-44c2-88c3-bd2c0ffa1460
Evelyn,11e81bc3-8aae-842e-9300-a0369fe50396
SORANE,7e526ea4-686e-11e9-9e25-801844edfa71
Alice,11e81bca-3276-c0da-93d3-a0369fe50396
Oliwka Brazil,1e4a6ea1-a91d-42d4-9d9d-dca09fd02cac
Mirani,a595547a-44d7-4a69-8ff6-661ebcb4b2e3
Lizzy Parra,11e83feb-a826-e81a-ad25-aa1c026db3d8
Yameii Online,8c2291ea-d3b1-11e9-99f0-e4434b16cb7a
Sof√≠a Gabanna,24a4e2f2-9fae-11e9-b261-801844edfa71
Abigail Chams,3c955d14-b3d7-11e9-8a3b-549f35161576
Esthero,11e81bbb-48c8-9e4e-a49a-a0369fe50396
ONLY,11e81bc8-3b08-585a-99d4-a0369fe50396
Glory,11e81bc7-71aa-cd08-abbb-a0369fe50396
Pebbles,11e81bd2-b002-4b34-869b-a0369fe50396
Yarah Bravo,11e81bbe-c352-d762-ad8a-a0369fe50396
Santa Salut,b6e8cd48-505f-11e9-a0dd-549f35141000
Wassila,11e83fec-eeaa-6248-a773-a0369fe50396
Sheila E.,11e81bc6-bb42-5392-b75c-a0369fe50396
Rose,a8625224-c36c-11e8-91ef-525400009efb
Jimena Amarillo,25c65844-d160-11e9-b489-549f35161576
Princess' Lover,11e81bbb-8620-93d2-b70d-a0369fe50396
Ms. Dynamite,11e81bbb-140a-89b0-9ef6-a0369fe50396
Kitty Kat,ee342eba-cfdf-11e8-a9cc-525400009efb
Bali Baby,11e81bba-e2e8-b3fc-a267-a0369fe50396
Lady Leshurr,11e81bc1-7828-5a52-af6d-a0369fe50396
Rubi Rose,b9446468-c1a7-11e8-a98d-525400009efb
Karol Conk√°,11e81bd1-7d77-ddb0-82dc-a0369fe50396
Kathryn Hahn,93de228c-e1c1-11e9-b084-549f35161576
Lola Astanova,11e83fe9-132b-875e-8ca0-aa1c026db3d8
M¬•SS KETA,11e83fe9-a208-adb2-bede-aa1c026db3d8
DJ Carisma,11e81bbd-89d1-123e-9371-a0369fe50396
Rina,11e83fe9-4888-6868-aa4e-aa1c026db3d8
Indi,11e83fe1-a4b5-4e60-adc6-aa1c026db3d8
Oobie,11e81bc6-b81c-aeec-9694-a0369fe50396
Mamiko Suzuki,a58f99d6-c40b-11e8-b8e8-525400009efb
Seamoon,11e81bcd-a11c-f754-8a6d-a0369fe50396
Annet X,add0152e-ceb7-11e8-ae78-549f35141000
DreamDoll,11e83feb-b8c0-f8be-a56c-a0369fe50396
Calli,11e83fea-600d-683e-9c81-a0369fe50396
Killumantii,11e83fec-62fc-b0c0-8075-aa1c026db3d8
Jean Deaux,7fc4c5d6-1290-11e9-8fd3-549f35141000
Elane,11e81bc7-df92-5e12-92b6-a0369fe50396
Â∫ÉÊ©ãÁúüÁ¥ÄÂ≠ê,11e83fe5-8e07-6618-b191-aa1c026db3d8
Nelli Matula,11e81bd1-adc3-9284-9e07-a0369fe50396
Karencitta,11e81bd2-dd9c-742a-b967-a0369fe50396
LaRose,8ba75956-1cf7-11e9-a861-00163ec5a2fb
Bee,c181c7bc-9c29-11e9-a320-801844edfa71
Lens,11e81bbb-2068-ad72-a380-a0369fe50396
Popovska,423e213a-3611-41aa-ab60-c0fe31245274
Cathy Dennis,11e81bcc-c685-9c04-8f03-a0369fe50396
Sabrina Setlur,11e81bc7-4598-b4e6-85d4-a0369fe50396
Nep,da1e196a-426f-11e9-b3ab-549f35141000
Ani DiFranco,11e81bc9-4f42-a4b4-bb7b-a0369fe50396
Cydnee with a C,11e81bc0-0a67-2f08-89a6-a0369fe50396
JaidynAlexis,a6b76dd9-ad6e-412d-b36d-9fb5fe7f0fa8
SHANA,11e81bc9-289a-c8aa-939f-a0369fe50396
meenoi,0563585a-b477-11e9-9ea2-e4434b2a4898
Cyrko,2bf7bb7a-5fe6-4344-baf3-a4eaadcd0a75
Kharii,f52cb975-4747-42ad-8169-0cfeef759c76
Ralph,11e81bbb-8f90-5dbc-938e-a0369fe50396
Senya,cfdd7125-e9d8-4790-a405-4c2d0d0a00aa
Schwester S.,11e81bbf-567a-696a-b7bd-a0369fe50396
CLIP,75210cb8-cf93-4bbb-8d39-0d972b3a60e1
Erica Mason,fdf86630-337e-4394-89fa-72e5c93409a9
Efya,11e81bbc-5d4d-ae26-a489-a0369fe50396
Delilah Bon,7ad40e14-8a10-442e-b4ab-f715b229f6cd
RayRay,3f61b864-b8ea-11e8-a0b8-525400009efb
Hoody,11e81bc3-76e8-e27c-91e7-a0369fe50396
HOFMANNITA,35a47492-8077-11e9-a0cf-549f35161576
NOVAA,11e81bbf-0c0e-ae40-ad70-a0369fe50396
Cherrie,11e81bc2-819e-d8a8-8ca0-a0369fe50396
Leila K,11e81bc1-5aab-5c68-ac31-a0369fe50396
Aylo,f706cd7d-25be-4a9d-a745-88ab2d05cfd3
Niecy Nash,1eedf3ae-729d-413b-a5f1-1965feed6594
Katja Schuurman,93ddf986-c469-11e8-9953-525400009efb
Emilee,11e83fe0-7d67-50de-9b87-aa1c026db3d8
Erika Isac,6ed045d5-a6bb-4617-9fca-1fc64087d291
Paula Douglas,0ca72d26-b8ec-11e8-a1e6-525400009efb
J√§de,11e81bce-62de-b5e4-b482-a0369fe50396
CYN,97015488-b8ce-11e8-b1bb-525400009efb
Lella Fadda,1f570230-2bf0-11e9-8f2b-549f35141000
JURIN ASAYA,1e18cc4b-8cfc-43d8-b5c0-165f31ccbede
Pihlaja,11e83fe7-3bb3-c8a0-becc-aa1c026db3d8
LAVA LA RUE,11e83fee-1408-cb82-805d-aa1c026db3d8
Titica,11e81bd2-cc68-d0cc-a84b-a0369fe50396
Queen Millz,66f3439a-4c40-11e9-b402-e4434b16cb7a
DAV,211c111c-c455-11e8-9263-525400009efb
Lex Amor,11e83fed-9f1f-0d7c-8f7c-aa1c026db3d8
LaBlackie,813836ad-cbd2-4892-8b2c-b2fae9463a8f
chelmico,11e81bcd-646f-90dc-9740-a0369fe50396
snowsa,c29d6a54-b757-11e9-9ef1-549f35161576
Verifiziert,a6d258aa-fb29-11e9-9f90-801844edfa71
Zui,11e81bc2-5700-1ff8-adbc-a0369fe50396
Sneaks,11e81bc8-5806-84ea-9cf2-a0369fe50396
Queralt Lahoz,ea0f0f44-0b71-11e9-b458-549f35161576
Evelina,11e83fe2-df96-1e50-961e-aa1c026db3d8
Melissa M,11e81bd1-4fe6-8a72-bc33-a0369fe50396
Res,0ce60856-c5a9-11e8-9b38-549f35141000
Sara Hebe,11e81bc6-aeab-3798-8a2f-a0369fe50396
Louve,84d24d4a-ecc5-11e9-ada7-549f35141000
Stony,11e81bd3-160d-2610-8773-a0369fe50396
Saah,6431d03c-4e1f-4fdf-aed1-d44236c96ecf
Jody Watley,11e81bbb-4f4a-6d1a-874a-a0369fe50396
Zheani,6f20dd28-c254-11e8-98cc-525400009efb
UA,11e81bd3-27fa-bd74-9b46-a0369fe50396
Reva Devito,11e81bd2-b528-8dee-9e7a-a0369fe50396
MelyMel,11e81bd1-62e1-7f1a-b541-a0369fe50396
Foe G4ng,11e83fe7-d285-9268-87bf-aa1c026db3d8
LoLo,b6b5a070-c65e-11e8-b80a-549f35161576
Chloe Chua,0f745f60-df73-4e75-a696-ee41b8bf0151
Maris,11e81bbc-5c4d-cf4c-b676-a0369fe50396
Anna Kova,11e81bce-4de1-c8ac-9e66-a0369fe50396
Mello Buckzz,b31714b0-491d-4fbe-8846-b223cd5e2ea9
The Lady of Rage,11e81bba-68f3-7640-80e7-a0369fe50396
OneDa,3820f220-0ffe-11e9-847c-549f35161576
Lia,11e81bc7-bf16-486a-977b-a0369fe50396
Armani Caesar,11e83fe8-500f-3a18-a82e-aa1c026db3d8
Austeria,cded9094-3c00-4361-87a6-b35b59e5223c
Ellize,8d9f6808-1f4b-47e8-8534-94d7423af215
Nessi,f96b17a0-edb6-48cd-a03e-d3688e12be1e
Dessa,11e81bc0-192c-0aa4-860c-a0369fe50396
Natasha Ghosh,2f5ec5ae-fb18-11e8-b36a-00163ec5a2fb
Sarah4k,27f88957-1557-4b51-ac41-a6e85c301445
HAWA,491c67ce-c942-11e8-b9cb-549f35141000
Sarm,11e83fe0-1fab-2678-b42a-aa1c026db3d8
LOONY,11e83fee-d6ee-8696-ae9d-aa1c026db3d8
Lala &ce,11e83fed-ba61-3786-b60d-a0369fe50396
SkyLar Blatt,67b67cc4-c3ca-11e8-802d-525400009efb
Childlike CiCi,dd7d6aff-19fa-472a-bb30-b21d5f910fdf
Carolin F√©ron,d295a0d9-445a-4b03-9a10-2e948846cae6
Arya,fd40d4b4-2b5e-4966-ad6b-91f3c61356bd
atsuover,c22fbcdb-d14c-4ec7-ad0d-80f9f4b46517
Mabiland,11e83fee-401f-8148-8532-aa1c026db3d8
Sofie Royer,11e81bbe-8290-8166-b003-a0369fe50396
Regula,11e81bba-ca1f-7fc2-aebc-a0369fe50396
Rhode,16104de4-5409-11e9-a407-801844edfa71
Awkwafina,11e81bc0-6de4-6aaa-a41d-a0369fe50396
Nayana Iz,b66d0452-05cc-11e9-949e-549f35161576
Maiya The Don,e2eaee4b-b8c8-4b50-b5e0-36d6593e480b
Hispana,11e83fe2-e596-0270-a67e-aa1c026db3d8
Vinida Weng,370ea506-e4b8-11e8-9bda-549f35141000
Supahbadd,6e0c79f6-313f-11e9-bbc5-549f35141000
Meddy,11e83fe0-2027-b1ca-88f1-aa1c026db3d8
Say Mo,bac10206-6b25-11e9-b0a8-801844edfa71
Sisi,cadd8e58-ec34-42ec-b119-dc1258f247d7
Eevee,11e81bbe-5555-ca30-8264-a0369fe50396
Drik Barbosa,11e81bc8-d283-b710-8989-a0369fe50396
Catherine Larsen-Maguire,11e81bcc-d33f-631c-916e-a0369fe50396
Mindy Chuang,8d42087a-487e-11ea-a8ff-e4434b2a4898
Norykko,11e81bcc-9778-3174-8f3c-a0369fe50396
Taleesa,11e81bcd-5a35-ab1a-8c8a-a0369fe50396
Bushibabe,1130224e-d255-11e8-8e19-549f35141000
Khtek,3e85ecc9-cd95-4a40-a5f7-836a2b9cab7e
Angelique Cabral,51980687-b8b6-4b37-802b-ba5aa4f939d0
Dizzy Dizzo,11e83fe2-a422-13d8-b0ad-aa1c026db3d8
DJ Max Star,11e83fe3-525e-35bc-ae60-a0369fe50396
Rebecca Mardal,80f7cca4-6e58-11e9-96d8-549f35161576
ÊúàÊùëÊâãÊØ¨,b63ca8b7-0917-45f8-84c6-b6fb0df723a1
zombAe,9a14fc65-2ced-4a08-9aa1-a4b80ca32039
Renni Rucci,50a768ae-b8da-11e8-895b-525400009efb
Trinere,11e81bbb-5ac5-82f6-8707-a0369fe50396
susan,8913f8ca-caff-4f90-ac75-8547698b7acd
TeaMarrr,cdd4f47c-b8d0-11e8-b40d-525400009efb
Connie,11e81bbf-cac3-a71e-829a-a0369fe50396
Yung Miami,5d795eae-a965-4368-a012-3203737f06fa
Miss Bolivia,11e81bd2-b198-5da8-9443-a0369fe50396
Lee Eye,4cba1e76-b330-11e8-a2a7-525400009efb
DJ Madam Julie,d3c5f5ec-d8d9-11e8-b8a6-549f35141000
La Materialista,11e81bbf-0d0b-ca94-a23b-a0369fe50396
7,e73f7327-f120-4359-ade8-5c903cdbe420
Renee,8594dc22-14cd-11ea-9430-549f35161576
Dayana,11e83fe1-1ef7-43e6-9200-aa1c026db3d8
MEL,bf8be71c-51f1-11e9-9db8-549f35141000
ROTE M√úTZE RAPHI,2f5aeb32-43bf-11ea-97b4-549f35141000
Shea Diamond,11e81bcd-0723-1f8e-b565-a0369fe50396
Ivorian Doll,83bb9dd2-dc47-11e9-8ea8-801844edfa71
Domo Wilson,11e83fed-1a08-8b2c-8d12-a0369fe50396
Kyla,11e81bc6-f264-69dc-aca8-a0369fe50396
B√°rbara Grando,f8266e30-3849-4542-87e7-9631fbae34f3
Lady London,f7841b17-d976-4527-9ab8-040ba584d131
LKN,11e81bcd-0783-78d4-a8d7-a0369fe50396
Tichina Arnold,11e81bca-e947-f888-bb2f-a0369fe50396
Martirio,11e81bd0-eeb1-3f4a-955f-a0369fe50396
Millie B,6fb61b50-e47f-4d76-a363-a82fc8c4cbc3
Helen Keeling-Marston,7ac8e8cd-8655-43f7-9af3-ce08058e83c2
Charly Gynn,362e81c2-73b2-11e9-8868-549f35161576
Hannah V,11e81bbf-83da-20ee-a11c-a0369fe50396
Musti,11e81bcd-567a-eefe-aaac-a0369fe50396
Myaap,dfd86291-41c4-49f2-86a8-4d5e98199a31
Sogand,11e83fe1-0dc2-6902-9a70-a0369fe50396
Lapili,11e88aaa-1c89-7b2e-90eb-c81f66c9b203
cr1tter,f027a9c5-5dde-4849-8ace-e1c2c4562963
OG LU,5dabfff8-a83f-4678-bcd3-6205df3eaa81
BABYJOY,50a7ef30-9ff8-11e9-b608-801844edfa71
Marysia Starosta,11e81bbc-f92a-e962-8d7b-a0369fe50396
tiLLie,11e81bc1-460d-03ce-b162-a0369fe50396
Sara Jo,ac12d280-1f02-11e9-83b3-549f35141000
Flau'jae,d44a67c8-c650-11e8-824a-549f35141000
Yugen Blakrok,11e81bd0-7157-97b0-a8a3-a0369fe50396
Stacy N.K.R,e3175134-60eb-425c-be9f-b49d76347d03
Margherita Vicario,11e81bc0-9eef-71bc-b462-a0369fe50396
VaVa,11e83fdf-af4a-dd42-b035-a0369fe50396
Tassia Reis,11e81bc9-ec69-6336-9d08-a0369fe50396
Bell Angel,462b0517-9bce-41f0-9618-d01a4642b31d
Kari Faux,11e81bbf-2b4a-bb28-8f37-a0369fe50396
Famke Louise,11e83fed-660c-358c-abfd-aa1c026db3d8
Eva Mattes,11e81bd2-6b7b-8c78-8edf-a0369fe50396
Shawnna,11e81bc8-56d7-1882-a2bf-a0369fe50396
TDJ,11e83fe7-342f-8146-9b5e-aa1c026db3d8
Daisha McBride,11e83fea-a28e-a3d0-abed-aa1c026db3d8
Yenlik,b32f908a-31ae-4ab5-ae2f-3592627e8fd8
Dank Demoss,f7e8349f-b408-4bfb-8706-fbbace9d3040
Nanu,60d7fe8c-12b5-4d7e-aafa-9742f67ec5db
Stush,11e81bbc-e646-a5fc-9587-a0369fe50396
atlas,11e83fec-7798-f034-9fce-a0369fe50396
B√Øa,11e81bba-c94d-16c2-b8da-a0369fe50396
Monie Love,11e81bcd-0731-23ae-9564-a0369fe50396
Nara,13252153-ef72-477b-bd1e-d4c4970ee860
Jvcki Wai,11e83fe9-c119-9428-b054-aa1c026db3d8
Blimes,11e83fee-89d7-ee06-92a4-aa1c026db3d8
Anna Simonetta,7cdbceb8-1e84-11ea-a6a1-801844edfa71
Lil Bo Weep,11e81bc0-72f3-e7f0-ab4a-a0369fe50396
Mariska,11e81bba-48f3-edde-b5b0-a0369fe50396
ODD MAMI,3eeb773e-a567-11e9-824d-549f35141000
Spirit,11e81bbc-e6c6-6454-8d26-a0369fe50396
Demy,11e81bc8-a7f1-6ede-99f5-a0369fe50396
Vela,11e81bbd-edf8-2b80-bafc-a0369fe50396
Wa22ermann,50e77b54-af95-4465-bbc0-af38499b0652
MFS,726bb005-0953-4960-9ee8-e36583d17f12
SINCE,b0e77789-b2d9-4696-bbe3-3fd09c59c2a2
Flor De Rap,46090cf8-c335-11e8-8340-525400009efb
Teven,75b202e6-9aae-401b-86a2-1c149edc665a
DEMONDICE,8fe7fb46-3d96-11e9-ae18-549f35141000
Mariybu,0cee7df2-1719-4041-a90b-8e8de98ec209
Rubio,11e81bca-a14e-7cbe-a36a-a0369fe50396
Gangsta Boo,11e81bc3-6848-1454-a642-a0369fe50396
Maxida M√§rak,11e81bbf-9b00-be9a-bbad-a0369fe50396
Loir,62c78b1c-6c3f-477a-aa94-0434d7671bd2
Pau Mueller,74bfa2fb-4b2a-4a09-9e64-b90fca8cf007
LAYZ,7e1385ee-8db2-11ea-8f6d-549f35141000
Haiyti,11e81bc7-9241-7ce2-a5d8-a0369fe50396
Antifuchs,11e81bbb-a9c3-c66a-ae36-a0369fe50396
HITOMIN,f78f8b38-9fde-11e9-a217-549f35161576
Asenssia,6bee3026-d534-11e9-b34e-801844ee83a6
Kay Young,11e83fec-45eb-fa5e-b555-aa1c026db3d8
Angie Martinez,11e81bd0-8408-e756-8d1f-a0369fe50396
Mih√°lyfi Luca,62dc4003-b069-4afb-a270-eb61ff34f885
CUZZOS,6e5b4534-ab78-44d6-b3d5-895f97391041
Bivolt,11e83fec-f0d0-f334-be93-aa1c026db3d8
Lois,11e81bc8-b3b5-7346-a526-a0369fe50396
Arianna Puello,11e81bbb-4b9b-8da2-8e08-a0369fe50396
Ann Hildering,f9d358f4-848f-427a-8905-1b6fd216b83c
MIYA,e787fd84-c315-11e8-b97f-525400009efb
Miss Ko,11e83fe1-e1a6-4806-a3b8-a0369fe50396
Shalom Margaret,b4080bae-75b3-471d-90a0-8bc8f88526b7
AYA A.K.A PANDA,d4e34e3c-70c5-11e9-9905-549f35161576
Joy Salinas,11e81bbd-2bc0-f3bc-8701-a0369fe50396
Bel Cobain,d1127b60-316a-11e9-8ce8-549f35141000
Bri Steves,11e88ac4-667d-1974-8619-c81f66c9b203
Chidinma,11e81bc7-079d-5aac-9ddf-a0369fe50396
Jup do Bairro,8fa6282c-93e2-11e9-9625-549f35161576
Stacy Epps,11e81bd1-2d93-0c66-8568-a0369fe50396
Sara Haytham,92a5aa00-7660-4009-8249-85663a88faa4
Hamzaa,11e88aba-4413-b32a-84b3-c81f66c9b203
Gemini,11e81bbd-58b5-369e-bca7-a0369fe50396
Charli Baltimore,11e81bc7-22cc-c18c-9155-a0369fe50396
Monika Kocio≈Çek,ab5f641e-3436-412b-b6f6-53fa829909b5
Queen Pen,11e81bc8-db0d-8a00-b2ef-a0369fe50396
Leona Boyd,54ceae9e-545a-47dc-862f-3dcc8c524dec
Soui Uno,d36d0eff-3752-4de3-913f-b636f51297b8
Tiiu,11e83fe1-ff0e-38a4-84cb-a0369fe50396
Eliza Legzdina,76cdbae0-7cd6-11e9-8805-00163ec5a2fb
Jayati Chakraborty,3dad52ee-c196-11e8-94b4-525400009efb
Kumba,11e83fe1-5aa8-464c-802f-aa1c026db3d8
Indiana,11e81bbb-f890-4dd6-bd0d-a0369fe50396
Pauline,0b66f224-d22a-43d1-bcf0-720decd5d084
Happie,04b57e50-40d1-4ee2-98c2-5c5988bb5d9e
Connie Diiamond,d4e5b2c2-c471-11e8-9e56-525400009efb
PJ,11e81bbd-e9d4-da58-bcee-a0369fe50396
Justina Valentine,11e81bce-6127-9a68-b9c1-a0369fe50396
Jucee Froot,11e83fee-c6f9-226e-bc5c-a0369fe50396
June Marieezy,11e81bbe-c40b-bdea-8686-a0369fe50396
Payday,b213e328-c434-11e8-862e-525400009efb
Adeva,11e81bbd-2603-df8e-ab4d-a0369fe50396
Sharlota,11e83fe4-a0ef-eb5c-954f-aa1c026db3d8
Wynne,46fd0e2a-207d-11e9-b95a-549f35141000
Lu√™,11e81bcc-9966-b956-b20d-a0369fe50396
ÂæåËó§ÈÇëÂ≠ê,11e81bbc-a79b-55f0-99ac-a0369fe50396
Dione,01e5bb9a-f3cd-4121-8358-bb2ae99cb894
Adrey,31458bcc-6cb2-4bf7-a37c-1ffdb512f96a
Karlae,a89330ba-05ca-11e9-8977-549f35161576
Junglepussy,11e81bbe-3f77-49b4-9982-a0369fe50396
Melis Karaduman,d0d29e50-ad68-4d58-ba63-cf63845c8ea2
Lorenzza,619fa92b-a3fc-4729-aee6-0cf52431c9ef
Dalia Stasevska,8f0d4489-3938-49aa-a1df-2ca8f4ab3a6e
Yana Couto,008b3eac-0ff9-4c3f-90e6-354bb9834113
Skeamer,11e86365-c468-4738-bc68-a0369fe50396
Angie Velasco,2b544b44-b6db-4336-a1b1-3e1d61ab3816
KANIS,823275f6-05f3-11e9-a5f8-549f35161576
Reverie,11e81bbc-128e-2726-826f-a0369fe50396
Kariya,11e81bcd-d2ba-9438-9672-a0369fe50396
Tiara Thomas,11e81bbf-a0c1-5bbe-91ba-a0369fe50396
MIMAA,3dce6436-1476-4f29-bc7c-80fd9bc745f8
Zizi Kirana,11e83fec-ec2e-ba8c-8999-a0369fe50396
Akua Naru,11e81bca-08c7-4b2e-8e96-a0369fe50396
softboiledegg,60f51a0e-eeb8-40e8-80ae-6c8de85c2970
Tindra Rosenlind,7e68b3d4-75c5-409b-b3c5-e3e474e2dc27
Vilma Alina,11e81bc7-ab57-97e8-8fba-a0369fe50396
Faenna,2e97b0b7-2b64-4d58-a463-f8aec33c875c
Kaiit,11e83feb-ff6a-1a34-9160-a0369fe50396
Denada,11e81bd0-ec63-dcf2-adfa-a0369fe50396
JoJo,efb2a1fa-c5fc-11e8-a38c-549f35141000
EAZI,c8329960-de3b-436b-951b-7ca670be7d95
Kacha,1dd76cf9-72d5-40eb-80a8-a4307bf8c9d0
Beverly,11e81bba-c0e2-3bf2-8901-a0369fe50396
Roxy Rosa,3524b61a-9f1e-11e9-b284-549f35161576
Hu Wei Na,50d376b0-220c-11e9-b427-00163ec5a2fb
Asian Doll,11e83fea-ffeb-f0f0-ac0d-a0369fe50396
Doss,11e81bc8-3323-8fc4-8da2-a0369fe50396
Maliibu Miitch,11e81bd1-33db-3a94-a04b-a0369fe50396
Litty,324feb1a-fd55-4062-b943-70304c4829cb
MzVee,11e81bbf-d20d-c144-b91b-a0369fe50396
BAVA,c953efb4-a2e3-4235-82a1-4aafb7cd4c8c
MC Soffia,11e81bbf-2c7b-5f20-81d9-a0369fe50396
Jayahadadream,4b4dcc54-0307-11ea-a985-801844edfa71
Kayliah,11e81bc2-f17f-a7ec-947a-a0369fe50396
V. Rose,11e81bd2-a6c0-3b30-8c2e-a0369fe50396
Ruthie Ann Miles,11e81bc1-c49c-2e86-915c-a0369fe50396
SixSaidIt,51b3b524-e46b-4241-920e-cb780eced712
DETO BLACK,e18ffab7-ac22-443e-ad29-ef19f7130f52
Douniah,80635456-5211-11e9-9427-e4434b16cb7a
Lady Sovereign,11e81bba-a6de-354e-9cb2-a0369fe50396
Danay Su√°rez,11e81bbb-4104-4dc0-a320-a0369fe50396
NINEONEËµµÈ¶®Áé•,fd353d9a-c0e4-11e9-b8ed-549f35161576
Riya,11e81bd3-4c2c-b4ae-b060-a0369fe50396
Juste Shani,6f18eba2-1b25-11e9-a119-549f35161576
Dounia,11e81bc7-e381-546a-8e5f-a0369fe50396
Shannon,11e81bca-32f7-081c-aa8c-a0369fe50396
Monica Geuze,11e83fe3-19a0-eeb8-ac70-a0369fe50396
Eunique,11e81bbe-572e-1a74-97a5-a0369fe50396
Pixie Davies,23623400-f200-11e8-a819-549f35161576
Saba Azad,11e81bc1-bc01-7d6c-9299-a0369fe50396
Deborah Offenhauser,f6288208-b8ef-11e8-a58e-525400009efb
Daniela Garsal,493d00cf-5efc-4900-9f4a-689948638ed4
La Goony Chonga,11e81bbe-5044-2f14-bb43-a0369fe50396
Janet Redger,1a1c1c0d-f353-4086-bbce-7d16e80b1840
Kathy Najimy,152c9b77-748a-47b0-ba2d-63a16b1c8080
Dianna Lopez,cfc1f906-b7f4-11e8-9970-525400009efb
Baghira,11e81bc8-ab7a-f4a8-9aa6-a0369fe50396
Marzz,d60e3039-b9b4-42d1-be9b-8d674f493b7e
Vk,c603581c-2bbf-11e9-abfa-801844edfa71
Morena,11e81bc1-c638-8762-bb22-a0369fe50396
La Chat,11e81bc0-45c1-eb1a-931b-a0369fe50396
Soo Wincci,11e83fe3-cfc0-53a0-965d-a0369fe50396
YUNHWAY,2b10b79a-c49b-11e8-a3ce-525400009efb
Sherry Finzer,11e83fe7-cf91-f466-8fb4-aa1c026db3d8
FEMI ONE,76cb58c6-a7ac-11e9-8dd8-549f35161576
Priscillia,11e81bc2-1fb9-af82-a93e-a0369fe50396
blackwinterwells,6d75760a-ff80-11e8-abe5-549f35161576
Jessica Gallo,cd82bebe-853a-11e9-a4b0-00163ec5a2fb
Reichi,fe04bfd4-fb9b-11e8-b5fa-549f35161576
Rosemary Ashe,600f7266-c643-11e8-a08f-549f35141000
Mariahlynn,db5d4cfe-b8d8-11e8-b5ba-525400009efb
Melvin Ayala,11e83fe1-28b8-21fc-abc8-aa1c026db3d8
VELVETEARS,11e83fec-2845-415e-a043-aa1c026db3d8
ËëõÂüé„É™„Éº„É™„É§,b506616e-e36d-4b11-8ac0-c0a909628d82
Di'ja,11e81bbd-ccc9-10fa-a1ab-a0369fe50396
Sini Sabotage,11e81bc7-ea4a-79b6-a462-a0369fe50396
Bea Pelea,11e86340-01db-b36e-ba76-a0369fe50396
Boss,11e81bc1-06aa-d03a-8dc5-a0369fe50396
Brunette,1be9d1a2-c437-11e8-b59a-525400009efb
"Sarah, the Illstrumentalist",11e83fee-deb4-d074-bdc3-a0369fe50396
Vita,11e81bbe-a7a7-93a4-8b01-a0369fe50396
Cass,11e81bca-e7e5-81f4-99b4-a0369fe50396
Sara Socas,e850a92e-fd38-11e9-aded-549f35141000
Een Glish,fb0f55fa-c473-11e8-a91d-525400009efb
Tish Hyman,11e81bc0-d45f-411a-b3b6-a0369fe50396
Charlu,d3447046-713b-4458-aee6-e94cd720561c
BXKS,9f104884-6c59-11e9-a5e9-00163ec5a2fb
Kym Sims,11e81bce-0d13-a4d0-96f3-a0369fe50396
OMB Bloodbath,06f5ece4-c1e0-11e8-8bba-525400009efb
Berry,20a14b14-6805-4c6d-8822-90e4ff10345d
Bbyafricka,11e83fee-5ec6-302e-a2f5-a0369fe50396
LA√è,aeded860-ccad-466f-8cf0-387f1c338394
Heather B,11e81bbf-d1f7-0daa-a4ae-a0369fe50396
Cuban Doll,11e81bd0-e7b5-17de-83fb-a0369fe50396
Lauren Mason,11e81bc0-8e24-9768-8fa4-a0369fe50396
Sorry X,e6818a30-1023-11e9-abe1-549f35161576
Nia,11e83fe9-f5c2-6664-9f78-a0369fe50396
Pauline,11e81bcb-3001-56f2-9707-a0369fe50396
Ramonzin,11e83fe1-68dc-643c-b6fd-aa1c026db3d8
Laurence Nerbonne,11e81bc6-70ed-b25a-a35e-a0369fe50396
Gery-Nikol,11e83fe3-38d7-6e06-9e2d-aa1c026db3d8
Aura BAE,8eec8b83-5e3d-4131-bc04-03e122955acb
Chantel Jeffries,11e86322-51ca-64ba-96a7-a0369fe50396
Ashley,20c567ce-cf68-4dab-b1fc-22bc4e397e6c
pastels,278c8a22-fb0a-11e8-8bbe-00163ec5a2fb
Anita Hopt,52dd75fc-c1bb-11e8-89af-525400009efb
Ssaru,5e8fdbe2-4784-11ea-a183-549f35161576
v i v,10bfd98b-b399-480b-b25b-ce1d664d6191
Nadia Nakai,11e81bd0-e7ad-f774-8ab4-a0369fe50396
LightSkinKeisha,11e83fee-7358-029c-b982-aa1c026db3d8
Karun,11e83fe3-c5ca-aa3a-be94-aa1c026db3d8
Georgia Anne Muldrow,11e81bba-4d61-280a-80e8-a0369fe50396
Backxwash,f424ba6c-faf3-11e8-83d0-549f35161576
akiko,11e81bca-1573-276c-9ea0-a0369fe50396
Asha Elia,93af3692-c256-11e8-8590-525400009efb
Sol ChYld,41e0fc72-ec55-11e9-975b-549f35141000
Ghetto Queen,67e78e93-90f2-49b9-9353-f99a1fedc34f
Mariatu Kanneh-Mason,91f17542-a920-47be-b596-6703877fa762
Lightflower,7a1bbda5-e3c5-4b2d-b9d4-d7b7e17f7528
Renata Flores,bcc54be2-c487-11e8-a299-525400009efb
ÂÄâÊú¨ÂçÉÂ•à,77a7134d-04e3-4735-ad13-bebae10669df
Rye Rye,11e81bce-c019-b0ce-b293-a0369fe50396
Julie Hanney,5f4ef970-b10f-11e9-aba2-e4434b2a4898
bbymutha,11e83fe3-42f0-62c6-b85c-aa1c026db3d8
YonYon,c6ea952a-b8e1-11e8-a764-525400009efb
RADA,93294a3e-82a7-11e9-a96b-e4434b16cb7a
FEMI,8e480dc6-d3b0-11e8-944f-549f35161576
DellaXOZ,5752901c-9e99-4206-b1be-80af6616a442
Sophie Pecora,11e83fee-0163-266c-92f0-a0369fe50396
Sidi,11e81bbc-75ef-6e56-b15a-a0369fe50396
Catalyna,4b909760-c1c6-11e8-8113-525400009efb
Jocelyn Hagen,23eb3c0e-d9ba-11e8-8b6b-549f35141000
5hy,89b9e0ca-7111-4383-9d6e-89ce59ec1aa3
Carey Mulligan,11e81bc7-b215-4dc8-b779-a0369fe50396
Suboi,11e81bc9-db6c-19c0-a86b-a0369fe50396
Blu,c660c28b-d7d3-466f-8398-2de6eaefd613
Angelcy,fe12004c-ea82-11e8-bd67-549f35161576
Unaloon,11e83fee-de66-3734-b911-aa1c026db3d8
Changeline,09ccb640-f730-4f42-9cc0-13a10a3ed024
Ayben,11e81bc9-49e4-65d4-a597-a0369fe50396
Jama,993124b6-2370-4212-9fc7-48b2d144644c
5Leaf,b764cdb3-1fd5-48d2-8ef9-9bf777de4df2
Vel Nine,11e83fe3-3784-1b4e-889d-a0369fe50396
DEELA,0ae30f98-d718-49b0-aeb4-b0c11545863a
K-Leah,11e81bbe-238b-d0da-b5a6-a0369fe50396
Mirasia,3c087f72-843d-4541-a537-9ec934ffe98b
Jean Grae,11e81bcd-5744-eef2-ad72-a0369fe50396
Lisette Melendez,11e81bc6-dc29-abd2-adc0-a0369fe50396
Lonnie Gordon,11e81bbe-6f78-cf84-9741-a0369fe50396
Hanna Ekstr√∂m,11e81bbe-5fd8-2408-83e3-a0369fe50396
775,23f62244-4716-11e9-8a7d-e4434b2a489b
Kaitlyn Dever,32df06ab-1e7d-4ac4-a69d-4dac769c5dfe
Dalia,8fe54d0e-16af-11ea-80af-801844edfa71
Lady Paradox,11e81bc1-cfb0-abbc-b6de-a0369fe50396
haki donzo,a636d567-e8b1-4ac2-8aee-efd6ceab7953
Cent,68b1d2b8-120c-11ea-a17f-549f35161576
Anushka,11e81bbd-779e-5658-bb6b-a0369fe50396
Pap Chanel,11e88ac0-be7e-036c-a71f-c81f66c9b203
IzaBeats,9365c942-c2d9-48af-9a16-4fd395e3b316
Aija Alsi≈Üa,11e81bbb-5876-7848-9efe-a0369fe50396
Eliott,11e81bc7-2bae-1b3e-98a5-a0369fe50396
Nashy-Nashai,10f94b46-6271-404e-b6b5-486fa232bb31
Anna Dager,8acd79c9-83d1-49da-bc90-e898db14b971
Miss Kaninna,0d67baa3-08de-4c0f-adfd-938c5581549e
Rebeca Lane,11e81bc1-0a2c-5670-8872-a0369fe50396
Chinese Kitty,11e83fee-1d6a-c7a2-ba42-aa1c026db3d8
Charlize,e50fc329-b083-468d-9065-22a216690359
Ava Joe,b9249291-0114-4833-ac7a-d037dd72bab9
Ruby Ibarra,11e81bbd-beec-06f4-9c9a-a0369fe50396
I Am Aisha,11e81bbe-86d4-a16c-881a-a0369fe50396
Prima,11e83fee-e035-0bf8-afda-aa1c026db3d8
Acidgvrl,f9e05053-5576-4db0-837d-595a5efe7055
Mhyre,11e81bcc-eeb3-46a4-b7db-a0369fe50396
DEVAURA,bd483bf0-6274-4221-a97f-eb1fab162a0c
CHAII,563de67a-3a72-11e9-bb79-549f35141000
Lil Corey,11e81bc0-8423-6226-95a7-a0369fe50396
Lianne Steeman,858aad5d-b012-4689-ae24-fb434ee77541
Clara Hill,11e81bbc-2b49-991c-8c97-a0369fe50396
Reeza,fa8a156a-b8d0-11e8-ae37-525400009efb
Elanur,db0df112-c580-11e9-9ba0-549f35141000
G.L.A.M.,11e83feb-dd6d-cb06-a3cf-aa1c026db3d8
Brazen Barbie,868a46e7-4e5e-4686-add6-13d4690ae202
Stella Mwangi,11e81bcc-fa46-f2ea-bddf-a0369fe50396
Zin√©e,bdaaaf12-c3b9-4d5f-a1b4-2da37d0bbbb6
heleenyum,1a86f634-8818-4de8-8df1-5b40b01a9042
Gavlyn,11e81bc0-18c6-f588-bd27-a0369fe50396
Indy,40f28d9d-2501-4544-a336-4747923adc97
DAVINHOR,dab305fa-b8e7-11e8-94ea-525400009efb
Alaska,11e81bce-5c09-b82c-8c3e-a0369fe50396
Young Deenay,11e81bbb-12f4-fcc2-9297-a0369fe50396
Ivy Sole,11e81bd1-4227-00c4-beb8-a0369fe50396
Le JUIICE,3ee0cb30-f483-11e8-97ad-549f35161576
Barkaa,05a77a3c-9e88-4fc2-9186-db017f58c4b1
LUISA,607152ae-ff89-11e8-9342-00163ec5a2fb
Fifi Cooper,11e81bce-2005-b236-a7c6-a0369fe50396
WondaGurl,11e81bd0-9f65-a43a-9e4c-a0369fe50396
SALIMATA,18914d9a-058b-4a39-8010-f89f73bbe700
Bad Snacks,aea869de-c24a-11e8-b714-525400009efb
Ash-B,8fbc7930-c26c-11e8-8836-525400009efb
SPOOK,e4cc2824-72ad-4235-9c8e-234364c7f00e
c e c e l i e,703e9b8e-35a7-455d-aaa0-192669051701
SINI YASEMIN,11e83fe7-3865-a07e-acc4-aa1c026db3d8
Mina Knock,11e83fe1-819f-d846-a9a3-aa1c026db3d8
Rohangiz Yachmi,f09c282e-c643-11e8-9b2f-549f35141000
Alex Bruce,e96bb060-f58c-11e8-b527-549f35161576
Kyra Tantao,65eff440-d8c3-4843-ae88-ba1e40bfc8e3
AMY MIY√ö,11e83fee-b493-aae0-afe4-aa1c026db3d8
Quasar,11e83fe2-ca9a-8ef0-9fd5-a0369fe50396
Arisu,4ca43dc7-ea37-4ac0-a6d1-2ecdd4a58c0d
lost.mindd,28b38176-abb2-491e-aed9-7122db6da605
Silvana Imam,11e81bd2-399a-f77a-bdbd-a0369fe50396
Flo,11e81bcd-b274-7496-8de3-a0369fe50396
Nocera,11e81bca-5955-d06a-9b56-a0369fe50396
"The Last Artful, Dodgr",11e81bd1-f000-d936-a022-a0369fe50396
Dakillah,11e83fec-9010-b7b4-acb7-aa1c026db3d8
Dope Saint Jude,11e81bbd-1291-d488-86e7-a0369fe50396
Gata Cattana,11e81bd0-506a-8da0-a27d-a0369fe50396
Terr,11e81bd2-7c6a-6360-bfcd-a0369fe50396
INKA,2b8baa94-50d7-11ea-818f-e4434b2a4898
Lily Mo≈Çczanow,29006415-e975-4e5a-9c16-beb416977000
Lumaraa,11e81bcc-904d-c0a8-922d-a0369fe50396
Lil Debbie,11e81bc9-81b5-26f6-ab90-a0369fe50396
Anier,11e83fed-7360-7b08-bba9-a0369fe50396
Pixx,11e81bcd-5ea7-4316-aeb8-a0369fe50396
Jinny,11e81bba-48e3-41a0-b6bc-a0369fe50396
Dimples D.,11e81bcc-c713-57ce-8e71-a0369fe50396
Anna Tr√ºmner,11e83feb-beee-1f0a-bcef-aa1c026db3d8
Linda Pira,11e81bcd-8c6c-1b6e-b806-a0369fe50396
Lebra Jolie,79e79144-de82-11e8-8fe5-549f35141000
Vayda,026c03a7-9719-4641-bd68-7847632427fc
Toya,11e81bc2-d18d-7a9a-a51a-a0369fe50396
Hippo Dreams,17b4e5ac-fab9-48fc-b4a9-34105f9299d9
JessB,11e83feb-eb9d-6af6-9b0d-aa1c026db3d8
Main Costa,7a8ac4b8-de82-11e8-803f-549f35141000
Biondo,11e83fe6-c2c8-1388-b197-aa1c026db3d8
Felukah,e1e81d4a-f011-11e8-a20d-549f35161576
Tomasa del Real,11e81bd2-85a7-d05c-b9c8-a0369fe50396
24hoursav,8f02620c-39c9-4b9f-88f7-eedee311886c
Sarita Lorena,ca137b32-d442-11e8-ab33-549f35141000
Karolina Czarnecka,11e83fe0-e39a-70ca-adea-aa1c026db3d8
Mimi Mercedez,11e83fea-5771-e0f6-a908-a0369fe50396
Drummatix,11e83fe5-afce-abf8-b224-aa1c026db3d8
Suppra,b089bb31-f533-4c20-85f0-262c0d5077e6
Flora 040,261f7949-8b4a-4e92-aa03-524a59cfe333
Avera,11e81bca-caaa-089e-824f-a0369fe50396
Iza Sabino,6a33ac46-36c1-11e9-b9a9-549f35141000
Ly Raine,8f12c316-c656-11e8-8c76-549f35161576
Yeico,31664880-8b3e-4b3b-b7c4-a37408665424
Steff la Cheffe,11e81bd1-edc7-d7be-aa78-a0369fe50396
Kayla Rae,2d2f267e-c3c4-11e8-9368-525400009efb
Nieto666,92bcaf9e-593c-11e9-8ba9-e4434b16cb7a
Molly McPhaul,3cd46cca-1f64-4902-9f3a-45f752b33793
Charli Taft,11e81bc3-149a-0362-a115-a0369fe50396
MAYOROVA,cb20478f-ddac-4471-95f3-a926145a628c
Hiss,982207cc-d430-4216-aac9-a2d55a93c1ad
Sarah Barthel,11e81bc8-5043-bde0-b240-a0369fe50396
Charmaine,7b551d48-6b32-4549-865f-6912d50bcb01
Ima,11e81bbc-fcf3-9468-a45d-a0369fe50396
BigKlit,17a4df86-68df-11e9-8333-e4434b2a4898
Melinda S√ºt≈ë,3a74d805-2f1d-4191-b54d-2995559ad67f
Crae Wolf,1a4fb08a-bdcd-47ad-a4c2-480590ede862
Maya Rudolph,11e81bcd-b7b5-1b18-be3a-a0369fe50396
Vula,b404c4ae-c33a-11e8-ad81-525400009efb
Fiva,27aaa193-7d96-4be5-af16-00e74aeee805
Ace Tee,11e81bca-e76d-ce84-b8eb-a0369fe50396
roselilah,fbf86bd6-c753-11e8-88e1-549f35141000
Renee Goust,11e83fec-186e-555e-bfbd-a0369fe50396
Ni√±a Dioz,11e81bc2-d748-1da0-aba0-a0369fe50396
Luna Antonia,a345c07e-d81f-4dc3-88ed-1994adfeb333
Liz Vice,11e81bd2-a762-1c8e-95b9-a0369fe50396
Ebow,11e81bcd-36d0-a5e4-b56e-a0369fe50396
Denise Chariesta,c31777b8-452e-48af-9a6d-df51f497e483
Kaiyko,2f151b2c-c5bf-11e8-aa88-549f35141000
Raphi,11e83fe9-49b5-81e4-ac60-aa1c026db3d8
Bee-B,46c0a740-b0a8-486f-aeb5-16d65567fc6d
JazzWoman,a16d1506-c23d-11e8-9e47-525400009efb
K-Reen,11e83fe2-5357-6b6a-9301-a0369fe50396
Mona Masrour,efa4a79c-9ea7-11e9-858c-e4434b2a4898
Kmila CDD,11e81bbc-dc9d-9b1e-bf38-a0369fe50396
Saikai,d383dc4b-ed6f-4db9-8e91-fb01b202b7f2
Nemazal√°ny,d39ce0c6-7df2-11e9-a6c1-e4434b2a4898
La Farmakos,e269c81f-feec-43ff-8304-3ac275debfe6
MC Taya,7c945395-d2da-4876-b639-b8fb66017c2d
Yecca,1ef0ccb0-eed0-11e9-b9f0-801844ee83a6
Muireann Bradley,43c99112-dd63-4c7e-9329-7e2334e4ff19
Bewis de la Rosa,861dfd04-e3b1-47f0-8ea2-9e479347fa15
klondike blonde,11e83fee-2a2d-4d98-a222-a0369fe50396
Kiik,b4c323d1-e639-487e-a1f8-8958667d0611
That Gurl Bella,833ab82d-a18d-477e-b8fa-79b0c6ba2e4e
Yotsugi,43bdb23d-b677-4e0f-95c6-5ecf56c1ab8c
Jelassi,cd7fac4e-4703-11e9-91c1-00163ec5a2fb
Arieth Feij√≥,c20af5ee-b8f6-11e8-97eb-525400009efb
Ayasa,11e81bcd-0f04-30e4-b0d4-a0369fe50396
Boni,11e81bd0-ffa8-eaaa-991c-a0369fe50396
Meggie,390d41cd-0046-46c1-8cbf-6fe0b409dc16
Sarah √Älainn,11e81bca-8c6f-26d6-838f-a0369fe50396
Spilif,fbff4574-450f-11ea-80d1-801844ee83a6
Aly Mayely,c49fe68c-7612-11e9-9e80-e4434b16cb7a
Lilniina,147f46d4-43d1-11ea-80cf-549f35141000
Slimeroni,93bc4cce-2494-11e9-9d7d-549f35161576
Vsteeze,2381f01e-6e61-11e9-ba8c-e4434b2a4898
Danitsa,11e81bc1-8eaa-2080-bfca-a0369fe50396
Kay The Prodigy,c0c19357-ba2f-4086-bee1-0a833dfafeb1
Rah Digga,11e81bcd-0fc0-3122-ba48-a0369fe50396
Alicia Awa,e2a02258-c766-4920-972d-0504ae72f207
Poncelam,12c51448-5012-11ea-b9a1-e4434b2a4898
Joyce Blessing,11e83fe5-23e6-c7b0-b9cd-aa1c026db3d8
Ciara Lowry,36d147cb-81c3-4785-b692-2b8fa9a8efb3
nem,11e81bbc-4a5d-e1d2-af69-a0369fe50396
Zoo,11e81bbc-09fb-54da-9570-a0369fe50396
d0llywood1,7b6db754-fefd-11e9-9d0d-e4434b16cb78
Marie Spaemann,d62a8a12-d29a-11e9-946c-549f35141000
Imenella,11e83fee-c0da-7978-969d-aa1c026db3d8
JASMINE,11e81bc1-efa1-c8c0-ad0f-a0369fe50396
B.B. Queen,11e81bbe-b101-6cae-94df-a0369fe50396
Whitney Avalon,11e83fe0-fff8-d52c-ac25-aa1c026db3d8
Mia X,11e81bd2-8016-ce68-8062-a0369fe50396
LG (TEAM GENIUS),02eb82fa-fce9-11e8-8241-549f35161576
kraenkova,7eac656d-a249-4e3a-97e5-50e12712a83a
Yoko,c5f78aa0-4da2-11e9-8eae-e4434b2a489b
Consuelo,11e83fe1-10dd-e1de-9aaa-a0369fe50396
CHAMELEON LIME WHOOPIEPIE,ab79946e-1bdf-11ea-b8ef-801844ee83a6
honey mtn,3b00b81b-a5ab-4d9e-be32-167ddd4a148c
JazzZ,413849d0-1f93-11ea-a00e-549f35161576
ZAVET,6f1be2e8-9572-4752-9b65-f007f698d113
CICI Zhu,4ab3d96c-98fa-4f92-9660-5f4f83daccf8
Liser,312dc044-279e-11e9-bc20-549f35161576
Madison B,807634e9-c98e-4935-8562-d68796a5ad04
Rebecca Jean Rossi,86285358-1293-11ea-a304-e4434b16cb78
Luana Camarah,11e81bcd-1965-1ec2-bf36-a0369fe50396
Shaybo,8d32f11c-cb17-11e9-96df-549f35161576
*JustUnique*,51a2c216-bb95-4853-90b9-02e227e540c0
Tokyo Jetz,11e81bbe-27b6-fb8a-88e6-a0369fe50396
Vlntna B,026bb362-aaff-11e9-874b-e4434b16cb7a
Faranak Shahroozi,370b64a8-feea-11e8-87bb-549f35161576
Lena Osi≈Ñska,09a9a46c-20b3-11e9-a8ea-549f35141000
ReptileLegit,b413bf64-b8f3-11e8-b33f-525400009efb
Foodieti,a1961a31-c88c-4e65-b7ea-83af76f5a54d
22RUZZ,c4f0e98a-2a89-4047-82ca-d3248b4f60be
Whitney Peyton,11e81bd1-fdad-0cc6-b340-a0369fe50396
Gama,d4d74ff8-32a2-4333-a437-717c63becdf9
tenderlybae,fbebee1e-4a6b-11ea-bf2c-549f35141000
Sarah McCoy,11e83fe9-70b1-2e74-a7bc-aa1c026db3d8
Amber London,11e81bbb-6194-4ca2-ac45-a0369fe50396
Lauwtje,11e86342-30c0-1d12-9d2f-a0369fe50396
Sanni,11e83fea-1011-be84-aede-aa1c026db3d8
Rachelle Allison,11e81bcb-3322-7a8c-89d3-a0369fe50396
Lady Laistee,11e81bd1-96a9-a728-8e40-a0369fe50396
Toyalove,55be0dba-c46b-11e8-8d9e-525400009efb
Sweet Tee,11e81bbd-a5c2-3c2a-855d-a0369fe50396
Comagatte,9cd847fe-c323-11e8-a164-525400009efb
xBValentine,11e81bbc-6f53-6246-8376-a0369fe50396
Moor Mother,11e81bbf-30ae-5480-b9d0-a0369fe50396
Nilla Allin,cd37d769-242d-430c-9d76-e69812727ed9
Dana Dentata,84aaf06a-c40d-11e8-8538-525400009efb
Khai,11e81bc7-4d02-cf5a-9762-a0369fe50396
Nafthaly Ramona,11e81bbf-70c6-ce8a-aa08-a0369fe50396
Sima Noon,1fdfe286-165e-11ea-acbc-801844edfa71
Leith,11271d48-d255-11e8-8d29-549f35161576
Cathrine Iversen,a60bc064-c47f-11e8-b26b-525400009efb
Downtown Owl,4c6b8c38-f0b1-11e9-9057-e4434b2a4898
Yowlandi,e67e6842-be73-11e9-93c8-801844edfa71
Py,11e81bbd-e5da-07fc-ab2c-a0369fe50396
SIMMY,06832335-4d82-45ec-ab3e-6e24b517f2fb
Paigey Cakey,11e81bba-48e8-53ca-b5bf-a0369fe50396
Taimane,17061b30-b8e5-11e8-9b90-525400009efb
Áî≤Áî∞„Åæ„Å≤„Çã,b8477cd9-2cb0-4b1a-b1ab-2259cecc9393
Gema Tom√°s,b134396e-c41e-11e8-a430-525400009efb
Barbarela,621ba210-1029-11ea-bcdf-549f35161576
XIN LIU,f49abe42-6fff-11ea-b821-549f35161576
DONNA SAVAGE,7a4b6c32-1acd-4d2d-95c7-349162780a43
VV Pete,23eb643b-fbf1-43cf-8800-ff5dfcbc5529
◊ê◊ï◊®◊ô◊™ ◊ò◊©◊ï◊û◊î,d74d28ee-f6e6-11e9-bc5e-801844ee83a6
Jessica Cottis,35ce6458-bb62-11e8-9661-525400009efb
L1na,f5b9b5fe-7da6-11e9-97e3-549f35161576
Amara La Negra,11e83fe1-3d04-b44a-881d-aa1c026db3d8
Ronza,0a28755a-c422-11e8-9b55-525400009efb
Kerensa Briggs,510ccde6-fe40-11e9-ad3d-801844edfa71
Kendi,11e81bc3-656f-73a8-b869-a0369fe50396
Christina Vantzou,11e81bd2-5bc0-3360-b589-a0369fe50396
Kourtney Heart,11e83fe1-3769-4672-9a03-a0369fe50396
IISO,11e83fe6-98f6-c496-977b-aa1c026db3d8
Sensu,11e81bc3-3764-24b8-86e4-a0369fe50396
KT Gorique,11e81bd1-ec74-2dd6-bbca-a0369fe50396
Flohio,11e81bc2-82c7-c352-a220-a0369fe50396
Ni'jah,f4326a4d-0423-4dc8-9a39-7de3a74af831
Marie Plassard,a3ae89de-d22e-11e8-8a97-549f35161576
Jilly,fd3994d2-35db-4f36-99a3-c9a53eb69280
Krista Marguerite,153b6345-9a0b-4149-9047-622ac47f866e
Cleotrapa,b3c0cc20-31fa-11e9-a98f-549f35161576
UZUM3,fb5fcf5f-d9a9-4168-bb6c-30eba7aa6cb9
NyNy,4661e810-052e-11e9-b1a4-549f35161576
Alexis,11e81bbc-6c93-f246-aabe-a0369fe50396
Selma Omari,32da3e8a-6510-11ea-ac07-549f35141000
Tizishi,2239f3ac-fb0a-11e8-8a19-00163ec5a2fb
In√©s Moraleda,167a66b6-e414-11e9-8a84-549f35161576
Eva Rapdiva,11e83fe9-93ca-0bec-aa41-a0369fe50396
Laura Stoica,11e81bc9-1eed-ec74-8c82-a0369fe50396
Majin,c56188a9-e285-411b-81f5-52cdceab920c
Che Noir,6b351ecc-20a5-11e9-86c1-549f35141000
Vaal,11e81bc9-11b9-49cc-892a-a0369fe50396
Sativanderground,88cce8ce-d795-11e8-be3a-549f35141000
Marz Fay,e1dd8fbf-b5ce-4d65-8caa-e677c56edca4
Taby Pilgrim,8ac9c364-c244-11e9-b7b0-549f35141000
Scozia,cd42704d-d3d5-4860-9f46-7b98c458a49c
Sookee,11e81bbc-891b-3230-9263-a0369fe50396
Daniela Mastrandrea,11e83fe8-98ae-991c-8920-aa1c026db3d8
BabySolo33,fe57a966-36dc-11e9-8d9b-549f35141000
Reikko,9ceeb686-73d5-4a9b-8971-c4475cbe7cef
Murda B,61a61f70-7c55-4544-bc57-15af2177d24f
K1ZA,a4507ce6-487b-4390-8790-f1d32ab3e668
Capicua,11e81bba-affc-daa4-b553-a0369fe50396
Vicky R,ebb4e1fa-1131-11e9-a305-549f35161576
Lolly,2f8c4f4f-5f40-41d5-b6e6-857ec5e0f81c
Hori,11e81bcb-5da3-f628-a8a2-a0369fe50396
Destinee Lynn,58d2eb8c-e98d-11e8-b221-549f35161576
G.Rina,11e81bc8-ed55-b246-b102-a0369fe50396
Danielle Apicella,11e83fee-d5f6-46ac-8ec8-aa1c026db3d8
Paranoid 1966,17eca0ba-f09d-11e8-b356-549f35141000
Chyna,78bf2c9c-e593-11e8-8ff4-549f35141000
Ella Mae Sueref,6dc542f2-c637-11e8-aa08-549f35161576
Melbeatz,11e81bc0-e6d2-5800-ae6e-a0369fe50396
Ill Camille,11e81bca-c1b9-be14-b729-a0369fe50396
Coely,11e81bca-c33f-4074-acc1-a0369fe50396
Angie oeh,da31f902-362f-4178-ac11-e7b63aea5620
Sandra Hussein,11e83fee-1703-06c2-b905-aa1c026db3d8
Souto MC,11e83feb-882c-4a0a-9d0a-a0369fe50396
Sandra J,11e81bc1-4660-fea2-b5ff-a0369fe50396
Niczos,c89fac4d-2906-4548-95c7-415499394b6e
Lady Alma,11e81bd2-d8d8-d212-88cf-a0369fe50396
ASOBOiSM,11e83fee-8fe8-34ea-995b-a0369fe50396
Sa√Ø T,82e57e80-c1ba-11e8-944f-525400009efb
Rachel,11e83fdf-c44f-27fc-aeb9-aa1c026db3d8
Denine,11e81bca-915e-ccaa-8ebc-a0369fe50396
Raghd,11e83fee-417d-2b8a-ab2d-aa1c026db3d8
That Girl Lay Lay,0fb03d4c-c4c1-11e8-884e-525400009efb
SA-ROC,11e81bd2-bdec-8980-9e47-a0369fe50396
Sylvia Baudelaire,bbf8f091-088f-4170-91af-73815dfadad6
Ment,11e83fee-de1b-13c6-b065-a0369fe50396
Kyoresu,8613395b-3dfb-4499-a5c9-963986ce2cc8
Projekt Melody,bf9fefa6-b1e4-4901-be77-9c1f1406df6f
Monita,ea15a4b2-a3c9-46a7-8dfd-d12fb420d5c2
Lonemoon,11e81bd1-a54e-d15e-b84b-a0369fe50396
Pretty Brayah,dce271ce-d455-11e8-88ab-549f35161576
Tylynn,11e83fed-a81e-2de0-b221-aa1c026db3d8
SNoW,11e81bcd-e1c9-1ed6-b4dc-a0369fe50396
Nitty Scott,87a10350-b8d6-11e8-825d-525400009efb
Chanel West Coast,11e81bcd-3c41-24fe-bd6f-a0369fe50396
LOU KAENA,b0172302-06c6-456b-a01f-eee1cb57a172
Alisha,11e81bc1-acb0-b968-bc3b-a0369fe50396
Nekoyorisou,2423bd8e-a08b-49c9-9f28-6c5b9e121442
Fie Laursen,11e83fe2-1f88-7f36-a2a3-a0369fe50396
Krystall Poppin,11e83fe3-c26d-13b4-a96f-aa1c026db3d8
Petrina DeLacey,29c50b53-bff4-4ad7-a55c-ca28f1146784
Francesca Guccione,46492073-3468-4d08-8fef-e277f9d3eddf
Caelin Rivers,7404e7ad-645a-4ae1-8e19-d40fb89a308f
JeanneTo,aebe0796-39ef-4cd9-a4d3-02d3938fccc1
The 411,11e81bc3-1760-12bc-bb59-a0369fe50396
Lil Kate,11e83fe0-b2b9-1830-894a-aa1c026db3d8
Amil,11e81bbd-9c3a-9f30-b85c-a0369fe50396
Leslie Hall,11e81bcc-739b-f15a-82dc-a0369fe50396
George Ka,6f85c21a-f7d2-11e9-b53f-e4434b2a4898
Sombra Alor,8a1f3f66-c308-11e8-9d3e-525400009efb
Boity,8414ccf4-c5fa-11e8-adba-549f35141000
Ms. Thing,11e81bd0-b8e4-d7d2-8ae7-a0369fe50396
Day Sulan,9e8a7ece-7934-11e9-917d-549f35161576
Kas,11e81bca-8733-d658-998a-a0369fe50396
Izumi Makura,11e83fe5-bb8b-4190-bf8d-aa1c026db3d8
Sarah Hicks,bd625a38-ef05-11e8-bcff-549f35161576
e5,094b6a04-6d3e-4b8b-b2ec-893a85bcdbd7
Rhod√© Kok,5d75ad83-a33d-4d34-96cc-b4e013238dd3
Jess Connelly,11e83fea-37b9-2a76-bb32-a0369fe50396
Angie,11e81bbf-d497-a61e-b3aa-a0369fe50396
Ay≈üen,42c23070-b8f3-11e8-baca-525400009efb
Anne Gadegaard,11e81bc3-5788-b86c-b516-a0369fe50396
F,9e1ba12e-b8d3-11e8-83a8-525400009efb
Ikinya,928177fc-e998-11e9-b5f0-e4434b2a4898
Blu Samu,11e81bbd-f2dc-7dc2-8e52-a0369fe50396
Brisa Flow,11e83fe5-c95c-8dd8-97c3-aa1c026db3d8
TT the Artist,11e81bd0-9fab-8ee6-a6d9-a0369fe50396
loopcinema,e1b18226-e2c8-4c0e-ab5b-c1ccff7de503
Brook Lynn,f4a6d560-c47c-47c1-b3d4-af66585dfe83
P√òPE,0962c49e-cb07-11e9-b75c-e4434b16cb7a
Lex Leosis,f5fa4984-c613-11e8-a1a4-549f35141000
Lil Cherry,2b1a9bac-c49b-11e8-88c2-525400009efb
Ysa,602229ae-47f0-11e9-af5e-549f35141000
Nadia Rose,11e81bc7-57bc-bf32-b77b-a0369fe50396
Zita Zoe,11e83fe5-d8e8-3630-86cf-a0369fe50396
Chynna,11e81bbd-7f79-2862-8ad3-a0369fe50396
Kumbia Queers,11e81bbe-7e8f-5c0e-a245-a0369fe50396
Boog Brown,11e81bd1-4ff7-5c30-b003-a0369fe50396
Mzbel,11e83fe2-5caf-5f1a-96fb-aa1c026db3d8
Ruth de las Plantas,533f3218-549c-4a37-8ecc-c59c24721553
Sarah La Profeta,11e83fdf-d852-ed06-ae82-aa1c026db3d8
Alpharene,25e7281f-a402-42c3-bd04-8110f3893bad
Chillsmoke·Çø,ce4a2bef-d3a9-41b9-bc7b-c0951ccaf744
Samira,11e81bc2-20c0-0d54-a192-a0369fe50396
Seneca B,11e81bd1-6e06-7544-bc1f-a0369fe50396
Aleica,8fd90259-cd93-4b64-8596-8592d8ffe651
Molly Brazy,11e81bbc-e31a-6bde-bf28-a0369fe50396
7xvethegenius,9d8e9776-f288-11e9-bed1-801844edfa71
Lyza Jane,11e83fe5-313e-23fe-a0da-aa1c026db3d8
Animalisa Keys,241eb897-e627-4f2b-a196-e0edea9c13e3
Dot Allison,11e81bbf-b029-e4fe-8712-a0369fe50396
Kotenceto,2687d250-8073-11e9-be66-e4434b2a4898
Etna,11e81bd1-ee3e-5a2e-869b-a0369fe50396
Zuzuka Poderosa,11e81bd0-52fb-49c4-b0de-a0369fe50396
Mestiza,11e81bd2-b096-d042-b0c0-a0369fe50396
UAU,fb19e137-d366-49c2-adc3-3b63c7b81646
Alilo,11e83fe7-8827-ec5c-a378-a0369fe50396
Karen LeFrak,b1681f88-e3c6-479b-ad55-7616b2d1490d
Sina,11e81bca-d5fa-ad2a-b465-a0369fe50396
Eiko,11e83fe7-0843-f3dc-8af4-a0369fe50396
Raina Simone,3d77b806-427c-11ea-993f-549f35161576
Rouge,11e81bbb-9fcc-d69c-8713-a0369fe50396
PLH,b8178ee4-4262-11e9-b8c1-549f35161576
Kara,11e81bbc-bcb9-abee-91bf-a0369fe50396
OG MarlynMonROLLUP,11e83fee-4161-2890-928b-aa1c026db3d8
Surma,33f4f008-86a5-437f-a127-702a4e2a4282
Uzi Freyja,8229124f-b777-47d0-b715-a610ca885cde
Ava Louise,8160c574-6e58-11e9-9438-e4434b16cb7a
Nonchalant,11e81bcc-d029-38e2-b3a3-a0369fe50396
Emjay,11e81bc8-55cb-4b16-8a1f-a0369fe50396
„Å™„Åã„ÇÄ„Çâ„Åø„Å™„Åø,de6e83cc-312d-11e9-82ba-549f35161576
Sabrina Austin,91a7b6bc-0908-4eb9-a6e6-e0996702de83
Yung FSK18,fd0bb19c-5571-11ea-8cc6-549f35161576
Eyesis,a553c223-3524-448e-95e0-d879d485b706
Lady Ice,11e81bcd-0953-978e-8bee-a0369fe50396
Khiva,11e83fed-400a-59ae-9684-aa1c026db3d8
MyM,e6004df0-13f9-451b-8d60-fd317ded9e3e
Kayykilo,955bede4-0b81-11ea-aa17-801844ee83a6
Fl√°via Bittencourt,11e81bc9-25e4-0482-bc5f-a0369fe50396
Trillary Banks,11e83fe3-5c29-d394-8be1-aa1c026db3d8
Piwa,cca719c8-480d-11e9-89c2-549f35141000
Ame Bibabi,5b42ba19-7ffb-44ce-893b-da42a7bfbedb
La Favi,11e81bc7-68cd-458a-93ee-a0369fe50396
PHI NIX,11e83fea-0ea8-a922-b852-aa1c026db3d8
Chinatsu Matsumoto,13b41d20-6a36-11ea-83bd-549f35141000
Adrijana,11e81bbe-760e-1796-bb6d-a0369fe50396
Nancy Martinez,11e81bd2-4efd-2548-bff0-a0369fe50396
Aisha Vibes,f99d71ee-df3e-11e8-9fe0-549f35161576
Genesisthegawd,d645193b-8dc9-40c7-b539-75e0283e78cc
Devi Dev,7374b106-c439-11e8-91ba-525400009efb
Misa,11e81bbe-11bf-ab24-ae13-a0369fe50396
Xania,11e81bbc-72c2-8f74-9c30-a0369fe50396
YFU Baby,84d635f6-d4e6-473a-8ea4-dd8bd68d1a38
Inas X,11e83fe5-ec42-1c6e-b46e-aa1c026db3d8
Celo Minati,59fae248-6867-4aa8-98fa-72f09ef84b2d
Ricki Monique,fa55823a-119d-4cb7-a89d-e854abc6742e
Masha Hima,cc0d1528-d63b-11e9-ba7e-549f35141000
NMN,82b5bc26-c684-11e8-8e34-549f35161576
Aja,11e83fee-2afc-bb96-b4f8-a0369fe50396
Charisma,11e81bc2-7982-c44a-a923-a0369fe50396
Ceeopatra,b10f833e-ec7e-4d5b-88f9-51dd31564608
Kyne,2629f43c-d907-11e8-9885-549f35141000
Yo-Yo,eed28b20-3022-11e9-841d-549f35161576
Marsica,e3abbee0-b8ce-11e8-9931-525400009efb
L.U:N.A,11e83fec-0734-9050-986b-aa1c026db3d8
Damia,11e81bbb-9f7f-fb56-a09f-a0369fe50396
Yilim,bf31e3e5-f0cc-4da8-8b35-9bc21da127a3
Amber-Simone,11e81bc8-74b2-bf3c-be2b-a0369fe50396
Martina Marie,fdb52274-6d85-11e9-9b9e-549f35161576
Amayajane,9fd760bd-7767-49a1-95b6-09b60762c5a6
Brahny,11e83fea-8f7f-326e-a2f5-aa1c026db3d8
Jennifer Jason Leigh,11e81bc7-b252-d8b4-a665-a0369fe50396
Bromaz,946d5034-edab-11e8-8078-549f35161576
"Jenny ""La Sexy Voz""",11e81bc6-74be-92e6-90d4-a0369fe50396
Luba,11e81bc3-6a20-2564-9f51-a0369fe50396
Pakora,eaa3e980-33f2-440a-9736-e0af90f9dc84
Isatta Sheriff,11e83fe9-aa11-e618-9129-aa1c026db3d8
Lost Tribe Music,613b3b70-f7d3-464f-82e2-a8ae9954c1e6
StarrLight,ab94b92e-c59b-11e8-9129-549f35141000
Elsa Mu√±iz,0ab9437e-eefb-11e8-a7e6-549f35141000
Kiersey Clemons,44b9aff4-22f5-11e9-807f-549f35161576
TESS√Ü,72640b6a-836d-11e9-aec0-549f35141000
Mrs. Nina Chartier,11e81bcd-f891-8a22-bcf1-a0369fe50396
Jindo109,f63a97a3-9a1d-4987-bb46-75bb8447acd5
River,11e81bc9-92fe-01c6-9401-a0369fe50396
Pilz,11e81bbe-b369-d260-8167-a0369fe50396
Giggles,f9f902b7-3644-4c1a-9d22-b721988cb339
Sarina,11e81bce-1617-6ef4-9302-a0369fe50396
Xenia Pax,11e83fee-470a-c63e-b26d-a0369fe50396
A.I. The Anomaly,6e00e56e-5dcc-11e9-a421-549f35161576
Sira Faal,5621ef19-2807-487e-a6a3-dee1e31ae276
–õ–∏–ª—É,db8dfbac-36cc-11e9-8fa9-549f35141000
Jean Coyle-Larner,db942f34-6293-11e9-a037-549f35141000
Poemme,11e81bbb-1c77-d7ba-9141-a0369fe50396
Reanny,c41ee19c-57ca-4808-b878-71d12f64d920
Miss Lafamilia,11e83fee-5290-65cc-b85e-a0369fe50396
Juno030,a533df33-ebf7-4ab0-b359-fb5e027a8159
Carolyn Rodriguez,11e81bc9-d796-2e30-96e9-a0369fe50396
The Real Meladee,ab65c543-2052-4970-9909-ffddeab43a5d
Yeboyah,11e83fed-a730-3dce-9acb-aa1c026db3d8
Anna de Bruin,2038f955-f292-4014-9021-aeba9ee86b6b
Rvyo,ab944680-c9a4-11e8-9cbd-549f35161576
Emerson,11e83fe2-27f5-5c66-832d-aa1c026db3d8
Zelenooka,888fed52-5d65-45bb-9cb8-7907f5769908
Mirele,03c88212-fbaf-11e8-8d84-549f35161576
vicX,df2737cd-45b9-41c4-b960-cd6e65958151
ASTA NORR,46ce0d96-9aa2-4515-942e-0c0cc76fc11d
Èô≥ÂòâÂîØ,11e83fe9-2416-01d4-a706-aa1c026db3d8
Aneta,11e81bcd-6d4e-c308-b9c0-a0369fe50396
NENDA,c84b35d7-8bfd-47da-9c63-e14b4deb88c2
Lotta,11e81bc0-18f2-9864-a7de-a0369fe50396
Anquette,11e81bc1-bbf7-dc08-ab39-a0369fe50396
Marisa Davila,69b3e4b6-36c1-11e9-a45c-549f35161576
Goldy.mp3,b7eea54c-a39d-4d06-83ed-b980d56475c3
Netta Brielle,11e81bc9-c6eb-a47a-9ca0-a0369fe50396
Miyuki Kuzuoka,4f5548ee-47a1-49f5-a973-9d4184c6a072
Br3nya,11e8aa03-2912-01e0-ae61-525400009efb
Izabell,11e83fe0-fbcb-d68e-bcf7-aa1c026db3d8
Princess Nauwisa,11e83fe2-d86c-086a-9490-a0369fe50396
Amanda Blank,11e81bd0-9495-1d06-a12e-a0369fe50396
Bitter Belief,11e81bd3-4006-a90a-8692-a0369fe50396
Francesca Wexler,2fedbf52-988f-4ec7-8a79-3e0ea8dc0fa7
Giuli,4138a0c8-36ba-11e9-b4e4-549f35141000
Dea Bbz,e0c23af8-58e0-4469-a1ee-746f4ad45610
Giant Pink,11e81bc4-1816-53dc-a338-a0369fe50396
JS,eca597fc-fe71-11e9-8f36-549f35161576
Vaccix,1e212744-cf04-11e9-86a7-549f35141000
BABY MALA,1d7a7e4a-6204-410e-b460-ca1fb34181da
odddi,83af926c-2819-4fc8-b59f-06f92eadf6f5
SES,11e81bcc-f6fd-534a-b938-a0369fe50396
Sara,11e81bba-c400-8096-9ac0-a0369fe50396
Ximbo,11e81bbe-87f3-3716-a1a3-a0369fe50396
Iva Sativa,82c8d4b5-f9d7-493b-98fc-79121b0e0167
Janset,85408ae2-c649-11e8-bfde-549f35161576
Abby Jasmine,62372462-c364-11e8-8036-525400009efb
ÊûóÊΩîÂøÉ,5bd7db8b-77d4-4f22-b128-b1188a5a4314
Quay Dash,11e81bc3-4b91-3dfe-aade-a0369fe50396
S3nsi Molly,8c423256-c1ca-11e8-ae84-525400009efb
Marci,d0d3edc4-e47a-11e8-96f5-549f35161576
Breana Marin,11e81bd0-aa79-e00c-a76d-a0369fe50396
Gabz,11e81bbc-2c38-6db2-b614-a0369fe50396
Carmen Belda,cec156a0-8d2c-40c0-99d6-52faf025002f
Amrit,11e81bc2-c056-1836-98ab-a0369fe50396
Sabrina Johnston,11e81bca-6b21-d820-929b-a0369fe50396
Ms. Jade,11e81bc1-cc0d-ac44-a95f-a0369fe50396
Mackenzie Nicole,11e81bc7-1974-5104-9f33-a0369fe50396
faff,2f82108b-34d8-4782-aad2-eb34c54146a0
Dena,11e81bca-b450-e1e4-9307-a0369fe50396
Kye,11e83fe9-d3a9-699c-80f8-aa1c026db3d8
Fanny Polly,ecf56aaa-c977-11e8-99e1-549f35141000
Soukey,561bcaa0-5663-11ea-9260-e4434b2a4898
1crusafix,5cc4e958-e5e5-4cfe-973f-9ed3b01e9eca
Laura Sette,47464754-c653-11e8-a13f-549f35141000
Mitaya,5647e106-8b63-4996-b1c6-45c8ec17ffd6
More,d1b10e3a-98d0-4eb2-8dfd-c54c03f6d561
Lady Waks,11e81bd0-e61d-19da-a8ea-a0369fe50396
Siamese,a3e64bb8-c9a4-11e8-a028-549f35161576
Dai Burger,11e81bc3-eb6f-789a-b5c2-a0369fe50396
Sinem,11e81bbd-d252-8d12-b9e9-a0369fe50396
Chibi Ichigo,725edd4e-c747-11e8-8c52-525400009efb
Vanela,8680b2b2-5480-11ea-84c0-549f35161576
Amber Woodhouse,e82da136-d9c6-11e8-afa6-549f35161576
Paula Perry,11e81bbf-9e50-916a-a1ee-a0369fe50396
Mariana Gueza,0d74fcd4-0289-4b36-b181-fe7fbe270942
Dyli,11e83fe7-a672-86cc-9878-aa1c026db3d8
Azjah,f5206b06-d455-11e8-9705-549f35161576
Elsy Wameyo,c2f03896-dc25-11e8-86b4-549f35161576
B No Beat,96ede126-83c5-45a2-8b6b-fd5c33f2ee64
J-NA,ebd18917-2cbe-48f1-abb6-47ed15f72eaa
Pam Asberry,11e83fed-c005-0e06-9634-aa1c026db3d8
Irit,11e81bd1-1486-aa52-a6ef-a0369fe50396
Yazmine,adbc8e0a-9e5a-11e9-913a-801844edfa71
Mima,11e81bce-2f7b-c6b0-a4ad-a0369fe50396
Laura Enea,11e81bc0-7209-62b6-b7b2-a0369fe50396
Lydol,eac7ef3e-c650-11e8-8580-549f35141000
La Gale,11e81bbb-d684-48aa-8f87-a0369fe50396
Eno Barony,bd316804-c658-11e8-aada-549f35161576
Just Brittany,11e81bc7-906b-6d56-b262-a0369fe50396
YAYOI DAIMON,b84b815a-030a-4d7f-8291-591a42b684cd
Melisa Carolina,cf4c7aa8-41d0-11e9-9a5c-549f35141000
Zuzanna Ca≈Çka,858b8fe6-9e84-46d5-bbe6-0c2009ef80d2
yonderling,11e83fee-d8ee-1628-9b8f-a0369fe50396
Kidd Lee,723abf13-e8ed-4755-9c63-b205ad859052
Queen WA$ABII,2637abda-4ff9-11ea-8d1d-801844ee83a6
Lady Madlen,7bbf38e8-94c6-488e-b040-4ac7e9713ada
Sofia Bolotina,4e0ae2e8-137b-4030-94b6-f5cee3cbb9d4
KiKi Layne,1fa74087-e942-4091-8c4b-e724d13bc95f
Kenzo B,206ad9c6-42ad-4fe2-b6ae-cbfe936329b8
Nayobe,11e81bc6-dbd4-f556-8357-a0369fe50396
trashi,b4943926-58e5-11ea-a4a1-801844ee83a6
Yenne,e956445d-f7bc-43b5-b8a7-fc4c84296242
Parazar,e1157e35-97d5-4eb5-b111-b82c924e122b
M.C. Luscious,11e81bd3-08fb-6cca-bfb6-a0369fe50396
chrln,0569454e-cc17-401b-a39b-326c19e853e7
Eva Alordiah,11e81bd1-a257-e062-aa17-a0369fe50396
Mel √ñmana,71ac70e6-0873-11ea-b899-801844ee83a6
CYBER RUI,f2f7c3a2-8058-4e0b-93bd-2e0af8bd09d5
Camille LV,8a8a6e93-5c19-4444-8d97-1c8d9ac18102
Vargkvint,11e83fea-0c16-097a-a720-a0369fe50396
DeTuned Caf√©,d6bfb774-9850-4050-9bcb-ad457425f211
Suen,0c597de0-5402-11e9-9adf-549f35161576
Nina Utashiro,8e88f6d4-6af5-4dd5-b9d5-62d785bac425
Tracy De S√°,11e83fed-80eb-f720-950f-a0369fe50396
Laura Intravia,11e81bbb-c8d1-5518-bd9a-a0369fe50396
A.Girl,89ba3f8a-9d6e-11e9-9232-549f35161576
Paytra,11e83fee-e83e-e008-934c-aa1c026db3d8
Lady Diva,11e81bbd-31ca-1f4a-93be-a0369fe50396
Kalenna,11e81bcd-1e2d-0712-8520-a0369fe50396
Blac Chyna,4a8b9130-e192-11e8-accf-525400009efb
Nel Swerts,4bc04d42-a80c-408e-b943-84eff58373e4
Paris Jones,11e81bbf-ffb8-2e90-bd50-a0369fe50396
Bun.E,7f36cae6-2736-11e9-acb2-549f35161576
TK MAMI,1e38b367-0813-42a7-9c14-e1585a8918f4
Marina Mart√≠n Maldonado,6a722301-9eb6-4c9f-b5b6-405633ac67cd
DSL,93c52171-b85b-4d2c-909b-f21ce74b7bbf
Maama Ganja,909ab936-b8ec-11e8-bb2e-525400009efb
Laura Andr√©s,bb8563f0-d78f-11e8-8257-549f35141000
Luna Is A Bep,dbdaebc2-b8cf-11e8-9af7-525400009efb
Lady Lykez,11e81bc9-8683-4c08-b38f-a0369fe50396
Mimi Barks,c7f4713a-934b-11e9-9185-549f35161576
Irania,d877de9a-4592-11e9-a784-549f35141000
Sexton,11e81bbb-1b5a-8044-bb8c-a0369fe50396
Valen Etchegoyen,11e83fea-13d0-ea54-9150-a0369fe50396
Mora Navarro,11e8591c-1608-47e0-9000-aa1c026db3d8
Lin Que,11e81bd0-aa02-10fe-a566-a0369fe50396
Dara Taylor,54f9d3ea-0889-4aba-b84b-06edc127ccaa
Vinia Mojica,11e81bc2-2ff5-1fc6-a76f-a0369fe50396
Kelli Ali,11e81bc6-b327-fc52-bee6-a0369fe50396
Alicia.,39e5c564-fe95-11e9-b5df-549f35161576
Gifted Gab,11e81bc3-831f-2236-a63b-a0369fe50396
Georgia Scott,eb2775ed-8b6a-43b0-b237-515075dbab73
J√©ssica Caitano,bbf67fde-c3fa-11e8-99d5-525400009efb
Charleene Closshey,11e83fe2-c867-feba-ae2b-aa1c026db3d8
TeraCMusic,11e81bd1-1bdb-4b5a-8b46-a0369fe50396
Ruth Gipps,696640e6-bc44-11e8-a778-525400009efb
NATIA,cc05cd4c-fe00-42a6-8954-69b65716c2e6
Linda Wagenmakers,11e81bc0-24d9-b14e-9e36-a0369fe50396
Kaakie,11e83fe6-e86c-499c-891a-aa1c026db3d8
Kali Ninmah,65f2e22a-e79c-4d65-a0d9-88c1259c5b0c
Rican Da Menace,2a16bf56-368d-4530-965d-d2b754cd0afe
Janai,7a7aeb7e-c424-11e8-9364-525400009efb
Sweet Sable,11e81bc3-4174-f950-bed3-a0369fe50396
Patient Zero,11e81bbd-61e4-1fb4-acc4-a0369fe50396
MADAM HLEBYSHEK,485bc438-5248-4493-a8c9-d0f04b187319
Ruby Nikara,e5b74f34-f7e2-11e9-92a6-801844edfa71
Juju Fitcats,0d5172d2-ec0c-4351-8b8a-8ed198dc3085
Claudie Mackula,11e81bc9-3211-a6b0-b2b9-a0369fe50396
Elle B,548e9114-c64e-11e8-a8f2-549f35141000
Raja Meziane,11e83fec-f3fc-75e2-ba7d-a0369fe50396
Linda Vidala,11e81bc1-572a-cdf8-ac44-a0369fe50396
Morgan Kibby,be93abd4-c23f-11e8-9634-525400009efb
Pearl Ramos,aeaec3bc-c658-11e8-9a30-549f35141000
Inka,11e81bc4-0ed8-cc64-8c06-a0369fe50396
Miss Lady Pinks,11e81bbe-780b-c818-8d0b-a0369fe50396
pinoko,2bd8e3ba-ce9a-11e8-930e-525400009efb
Lay Low,c59cc9ba-1d57-11e9-a7a0-549f35161576
ra:my,5408d814-fa47-4ede-8fa6-21d364f8eb22
Neotropic,11e81bcc-f5ae-48be-b823-a0369fe50396
Hurricane G,11e81bcd-e6c5-2d62-8b8e-a0369fe50396
Josi Miller,1d590748-e41a-11e9-a4ae-e4434b16cb78
Mihaela Runceanu,11e81bca-f63c-87ac-a3f3-a0369fe50396
Nezi Momodu,11e83fec-2f4c-1a5e-963a-a0369fe50396
Zencilla,192e2859-dc3f-47a0-b361-9c483cfdbd87
Huda,292b2b37-4b19-4a1b-a8c2-ed22044341bf
Xiara,89abc044-3037-11e9-b4f3-549f35141000
Ms. Sancha,11e83fe1-88ca-da58-aa69-aa1c026db3d8
Ocean Kelly,59120594-5876-11e9-8fb7-549f35161576
Masta Quba,2b028dae-0975-11e9-9e24-00163ec5a2fb
J NOA,37abc868-4acb-4c4b-8235-6c83549dd7e3
Denise Chaila,11e81bc2-b4e4-cdf8-bb70-a0369fe50396
Bogi,a5274eee-e4e0-11e8-be52-00163ec5a2fb
Rola,11e81bd3-0703-b580-9783-a0369fe50396
L√≠via Cruz,11e81bcc-724b-d996-92f6-a0369fe50396
Marie-Claire Schlameus,7109f8fd-b6dc-4d17-a0b8-3aae884d8298
Speech Debelle,11e81bbd-0ae2-80ac-bc06-a0369fe50396
Miniko Mew,abbe2929-e2f3-4f8c-8355-1fbf580342b0
Weird MC,11e81bbe-baac-9846-8013-a0369fe50396
Roxanne Shante,11e81bc2-d89d-7f9c-9257-a0369fe50396
Veronica Vega,11e83fe1-ac59-3c62-9901-aa1c026db3d8
valknee,a38f3f7c-68f9-11e9-b6e0-e4434b2a4898
Brooklyn Queen,11e83fea-fdcb-a9aa-9c9c-aa1c026db3d8
Audry Funk,11e81bbd-6c95-104e-ac25-a0369fe50396
Racquel Jones,11e81bba-80dd-e128-ab56-a0369fe50396
Lovesomemama,38818a36-1cb0-11e9-b505-549f35161576
sika rlion,e3610a40-4f85-11ea-a6f2-549f35141000
Catana,318c338c-c26c-11e8-b8c2-525400009efb
Eden Derso,74f0fc22-c5f8-11e8-9782-549f35141000
Kimera,801ce554-72f8-4072-adf8-9ba79088ac53
4ria,7463171c-6a6d-493c-a840-eba2194671fb
Emma Beko,af321db4-4c91-11ea-8dd6-801844edfa71
Tiah,3a2a58a8-0159-11e9-bd27-549f35161576
BR√ñ,0ccf6eee-4d75-11e9-a21a-549f35141000
Rossella Essence,50c877c8-c5bf-11e8-8541-549f35141000
Maya B,11e83fed-0056-c7d4-97a6-aa1c026db3d8
Bryce Dallas Howard,ef36b802-7e0b-11e9-a67a-549f35161576
Queen Lee,f596642a-823e-4565-bbbf-71ea683e8472
Ncognita,25ebfcc8-473d-40df-bce8-16ae49dddc44
LILA SOVIA,29ea0227-7dfc-4bb5-9b80-95ecdf337870
lisnn,7bf1a3ac-02c2-11ea-bba3-801844ee83a6
Often,b2abf650-d125-11e9-8115-549f35161576
Afriki,11e81bbc-429f-f638-855d-a0369fe50396
Kerani,11e83fe0-7d60-b652-bfd5-aa1c026db3d8
Saaaz,01a61a28-c615-11e8-ba2a-549f35141000
Taus,9e860795-2e18-4cad-aebe-3abf68776c1f
NIKE101,5aae6e1a-9396-4f50-9b16-017d837ea207
Ladii Rose,eddc7be4-5aca-11ea-99f5-e4434b2a4898
Myrthe van de Weetering,11e83feb-4489-b256-9de1-a0369fe50396
CAROH,deac6d37-22c0-4344-a008-577b5e640fd8
1st Lady,11e81bba-e36a-c3a6-b120-a0369fe50396
Sharyn Maceren,11e81bc2-21ce-48b4-a069-a0369fe50396
Masayah,b3c3ad7e-87b4-430a-b6fa-71c9555139ff
Dropped here,d65f007b-3ad3-42de-ab31-f2012c31b301
Rashmika Mandanna,0c929596-4d75-11e9-bb3d-549f35161576
Dominique Young Unique,11e81bc7-9745-07fe-b65e-a0369fe50396
Cora E.,11e81bc6-cab2-6e66-933a-a0369fe50396
Malla,4752bf78-4be8-11e9-81da-e4434b16cb7a
Lexy,11e81bc0-0c94-d1a4-a8ea-a0369fe50396
scumie,bf048579-c179-4642-ae33-95671e2e3c61
LIL G,fae49d84-bd1d-4ad1-b6bf-77b52e9565e3
Sajsi MC,a5fc2616-c323-11e8-8acc-525400009efb
Shei,1c08e450-d5d2-11e8-833f-549f35161576
Moozlie,11e83fe8-dc27-01b6-8b0b-a0369fe50396
Sarahm√©e,11e81bd1-8193-aafa-9154-a0369fe50396
Amandine Moulin,e0141e06-c375-483d-ae48-81d69c02150f
Vera Bila,11e81bcc-97c8-a9a6-b2c2-a0369fe50396
Andreina,ee805a3c-8759-4270-afc1-071240a69d36
Nainita Desai,11e81bcc-fc65-b480-8713-a0369fe50396
Nina Capelly,11e83fea-8f5a-8d38-a905-a0369fe50396
WYTE,ecf36a57-ec52-40a9-9a11-756e15bf23c1
Lasole,471f6b10-95c0-11e9-bd33-549f35161576
Tia Talks,e507318b-17c3-42db-97a6-d3784440bd54
La Hill,11e81bca-6926-1a72-b3e4-a0369fe50396
Buzy,11e81bc0-e475-bb7e-bd3e-a0369fe50396
Candela Cuore,41994213-4bfb-46ec-8094-6531c0e40079
Neon Nonthana,3b74d476-aac9-11e9-ba79-e4434b2a4898
Cocc Pistol Cree,11e81bc9-9bfe-21d4-8936-a0369fe50396
Omega,11e81bc9-b04f-5c66-8624-a0369fe50396
Bootychaaain,11e83fe9-ba3a-31a8-befc-aa1c026db3d8
Shortee,11e81bbe-53c9-bb0e-a948-a0369fe50396
Tierra Traniece,b92a54c2-1131-11e9-beff-549f35161576
Divinity Roxx,11e81bc9-3763-2620-9780-a0369fe50396
Young Devyn,f276381c-c8d0-11e8-8b72-549f35141000
Trigga Barbie,7059f574-0053-4f5e-b996-414c8bb1472e
Nancy Fletcher,11e81bbc-a5bc-6a26-b57a-a0369fe50396
Bush.ida,c6b27518-887b-4f77-876c-560645b89c69
SKYLER,d653446c-0dcc-48de-8acc-2cd477ce8ea3
April Fooze,ab6cbfec-d623-4ca1-8110-30ba986b58d0
Sofia,5a662e50-4c2a-11e9-8cf0-e4434b2a489b
Jackie Neal,11e81bc9-422e-8360-b81a-a0369fe50396
L√©onie Deval,6d7e28a4-b7ff-11e8-adcb-525400009efb
Noti Flow,11e83fee-ff93-304c-bf57-aa1c026db3d8
Carmen Stefanescu,11e81bcd-2a7f-fd62-95c5-a0369fe50396
Veeiye,11e83feb-27af-f8de-acbe-aa1c026db3d8
Aina.,6edac29b-8210-4a2b-abb2-e59727acdd7d
Yuzion,afbf6978-b52c-11e9-a6c5-e4434b2a4898
Sally,b5ce2064-7ca8-11e9-90b6-e4434b2a4898
Panxi,ad9f31ca-4d81-4f4e-90eb-89a113899c0b
sage green,bd7242de-6561-43fe-a0d0-4d1293d1679f
Fayelo,af365b64-c7b6-42a3-9a59-13ce0242ed3d
pHoenix Pagliacci,fea80224-c640-11e8-b3c6-549f35161576
Cachita,e87d617a-4fd7-43fb-bbdc-4627190f78b9
Mirabela Dauer,11e81bbb-9ecb-dfb8-8486-a0369fe50396
Flora Ofelia,11e83fe6-ba19-9ea0-92d8-a0369fe50396
Tasha Catour,11e81bcb-6b59-2a72-a2f5-a0369fe50396
Orchid,16b3466c-c475-11e8-937c-525400009efb
flowtide,dfddbad9-8d95-4c6a-9d02-855847e4b90f
NZA,1da544c7-6bb4-44ac-8073-dfcced37196a
Scarlett Wolf,ff4c9b5a-c32e-11e8-b88b-525400009efb
Malaynah,7a10b022-df7e-11e8-a64d-549f35161576
Gemma New,11e81bbb-73ee-0bc2-93a8-a0369fe50396
L1LY,09ac3888-49d7-4e1a-af53-8bc267a3fbef
Bibi H.,11e83feb-7729-d89e-a982-a0369fe50396
El Stefanato,0ad0529c-9dd5-11e9-a1f6-549f35161576
YUYU,21b2b4dc-b8e3-11e8-b213-525400009efb
Yarin Glam,11e83fea-83b1-4274-9148-a0369fe50396
Ada Betsabe,11e81bba-7914-f012-8ebc-a0369fe50396
Ana Olic,3d786de2-087a-11e9-91d1-549f35161576
Plasaporros,9ea1630a-30ea-11ea-9ce9-e4434b2a4898
Olly Anna,11e83fec-2107-6ae8-9577-a0369fe50396
SOPHIE GREY.,8b456d21-af3f-43ad-9b40-1c0a82d0bcd1
Keboo,9cb09928-0221-11ea-9ceb-801844ee83a6
Nah Eeto,11e81bc9-681f-4f96-b341-a0369fe50396
S√©leste,48eb9021-c4e9-499c-a16b-c470caf04649
Valuki,2771ff5d-d605-4aa5-8b67-68809ac4b35d
Mizz Nina,11e81bbe-07b1-46ce-8db2-a0369fe50396
Nega Gizza,11e81bc8-c736-8626-8584-a0369fe50396
Nat Bartsch,11e83feb-27fc-cbe6-a338-aa1c026db3d8
Hanna Noir,21501f7a-0dc4-11ea-b747-801844ee83a6
Die Hexe Schrumpeldei,b8e29056-e468-11e8-ade9-549f35161576
Yasmine Yamajako,11e81bbb-cde3-b6c2-a0a6-a0369fe50396
Lil' Leise But Gold,dcb13d24-c26d-11e8-a6a3-525400009efb
ESKA,11e81bbb-cc8a-2400-87fc-a0369fe50396
D'Angel,11e83fe1-fa99-2d74-897e-aa1c026db3d8
Nana Quame,11e83fe2-06c9-9886-b0bb-a0369fe50396
SASHA SATHYA,cab091f0-4739-11e9-a52f-e4434b2a489b
